titulo,precio,precio_original,descuento,ventas,link,pagina,plataforma,fecha_scraping
"2025 nuevo estilo vestido conservador traje de baño térmico vacaciones sin espalda plisado vientre que cubre recogido adelgazante traje de una pieza
S/69.48
S/171.52
-59%
4.8
180 vendidos
-S/102.04 · Nuevo comprador
-2% con monedas",69.48,,-59%,180,https://es.aliexpress.com/item/1005009181237098.html?algo_pvid=fbd3cb4c-ab85-470c-ac16-d492bb1b18b4&algo_exp_id=fbd3cb4c-ab85-470c-ac16-d492bb1b18b4-0&pdp_ext_f=%7B%22order%22%3A%22180%22%2C%22eval%22%3A%221%22%2C%22fromPage%22%3A%22search%22%7D&pdp_npi=6%40dis%21PEN%21171.52%2169.48%21%21%2147.40%2119.20%21%402103244617591081685633164ec5e3%2112000048218018441%21sea%21PE%210%21ABX%211%210%21n_tag%3A-29910%3Bd%3A813b1c25%3Bm03_new_user%3A-29895%3BpisId%3A5000000174216174&curPageLogUid=3kaAc6p0O0Ud&utparam-url=scene%3Asearch%7Cquery_from%3A%7Cx_object_id%3A1005009181237098%7C_p_origin_prod%3A,1,AliExpress,2025-09-29
"Traje de baño antivergüentes de cinco puntos para hombre, traje de baño profesional de secado rápido de talla grande, venta al por mayor para fabricantes
S/7.13
S/46.82
-84%
4.3
600+ vendidos
-S/39.69 · Nuevo comprador
-2% con monedas",7.13,,-84%,600,https://es.aliexpress.com/item/1005008159997617.html?algo_pvid=fbd3cb4c-ab85-470c-ac16-d492bb1b18b4&algo_exp_id=fbd3cb4c-ab85-470c-ac16-d492bb1b18b4-1&pdp_ext_f=%7B%22order%22%3A%22661%22%2C%22eval%22%3A%221%22%2C%22fromPage%22%3A%22search%22%7D&pdp_npi=6%40dis%21PEN%2146.82%217.13%21%21%2112.94%211.97%21%402103244617591081685633164ec5e3%2112000044036752046%21sea%21PE%210%21ABX%211%210%21n_tag%3A-29910%3Bd%3A813b1c25%3Bm03_new_user%3A-29895%3BpisId%3A5000000174216174&curPageLogUid=4zyfGaNRQ9j9&utparam-url=scene%3Asearch%7Cquery_from%3A%7Cx_object_id%3A1005008159997617%7C_p_origin_prod%3A,1,AliExpress,2025-09-29
"Nuevo traje de baño deportivo para mujer 2025, traje de buceo de una pieza, traje de baño térmico de primavera de talla grande de estilo coreano
S/38.29
S/109.14
-64%
4.9
42 vendidos
-S/70.85 · Nuevo comprador
-2% con monedas",38.29,,-64%,42,https://es.aliexpress.com/item/1005008920154222.html?algo_pvid=fbd3cb4c-ab85-470c-ac16-d492bb1b18b4&algo_exp_id=fbd3cb4c-ab85-470c-ac16-d492bb1b18b4-2&pdp_ext_f=%7B%22order%22%3A%2242%22%2C%22eval%22%3A%221%22%2C%22fromPage%22%3A%22search%22%7D&pdp_npi=6%40dis%21PEN%21109.14%2138.29%21%21%2130.16%2110.58%21%402103244617591081685633164ec5e3%2112000047208065327%21sea%21PE%210%21ABX%211%210%21n_tag%3A-29910%3Bd%3A813b1c25%3Bm03_new_user%3A-29895%3BpisId%3A5000000174216174&curPageLogUid=shZghXRKn7sl&utparam-url=scene%3Asearch%7Cquery_from%3A%7Cx_object_id%3A1005008920154222%7C_p_origin_prod%3A,1,AliExpress,2025-09-29
"2025 traje de baño de manga larga con cremallera para surfear, traje de baño ajustado de una pieza para mujer, bañador para mujer, traje de baño XXL
S/27.4
S/54.79
-50%
Oferta anticipada, solo quedan 1
-2% con monedas",27.4,,-50%,0,https://es.aliexpress.com/item/1005010042934334.html?aem_p4p_detail=2025092818092810211740145052700004149490&algo_pvid=fbd3cb4c-ab85-470c-ac16-d492bb1b18b4&algo_exp_id=fbd3cb4c-ab85-470c-ac16-d492bb1b18b4-3&pdp_ext_f=%7B%22order%22%3A%22-1%22%2C%22eval%22%3A%221%22%2C%22fromPage%22%3A%22search%22%7D&pdp_npi=6%40dis%21PEN%2154.79%2127.40%21%21%2115.14%217.57%21%402103244617591081685633164ec5e3%2112000050925767498%21sea%21PE%210%21ABX%211%210%21n_tag%3A-29910%3Bd%3A813b1c25%3Bm03_new_user%3A-29895&curPageLogUid=UVfNjVdp1pZa&utparam-url=scene%3Asearch%7Cquery_from%3A%7Cx_object_id%3A1005010042934334%7C_p_origin_prod%3A&search_p4p_id=2025092818092810211740145052700004149490_1,1,AliExpress,2025-09-29
"Conjunto de Bikini de tres piezas para vacaciones en la playa, falda larga adelgazante, traje de baño separado, fotografía para ocultar carne, novedad de 2024
S/50.15
S/132.87
-62%
4.7
91 vendidos
-S/82.72 · Nuevo comprador
-2% con monedas",50.15,,-62%,91,https://es.aliexpress.com/item/1005009162932777.html?algo_pvid=fbd3cb4c-ab85-470c-ac16-d492bb1b18b4&algo_exp_id=fbd3cb4c-ab85-470c-ac16-d492bb1b18b4-4&pdp_ext_f=%7B%22order%22%3A%2291%22%2C%22eval%22%3A%221%22%2C%22fromPage%22%3A%22search%22%7D&pdp_npi=6%40dis%21PEN%21132.87%2150.15%21%21%2136.72%2113.86%21%402103244617591081685633164ec5e3%2112000048155801825%21sea%21PE%210%21ABX%211%210%21n_tag%3A-29910%3Bd%3A813b1c25%3Bm03_new_user%3A-29895%3BpisId%3A5000000174216174&curPageLogUid=hoVBbbp1W2mJ&utparam-url=scene%3Asearch%7Cquery_from%3A%7Cx_object_id%3A1005009162932777%7C_p_origin_prod%3A,1,AliExpress,2025-09-29
"Bikini Bandeau Sexy para mujer, traje de baño con un solo hombro, Color puro, ajustado, ropa de playa transfronteriza, conjunto de Tankini
S/32.39
S/97.34
-66%
4.8
173 vendidos
-S/64.95 · Nuevo comprador
-2% con monedas",32.39,,-66%,173,https://es.aliexpress.com/item/1005008680892965.html?algo_pvid=fbd3cb4c-ab85-470c-ac16-d492bb1b18b4&algo_exp_id=fbd3cb4c-ab85-470c-ac16-d492bb1b18b4-5&pdp_ext_f=%7B%22order%22%3A%22173%22%2C%22eval%22%3A%221%22%2C%22fromPage%22%3A%22search%22%7D&pdp_npi=6%40dis%21PEN%2197.34%2132.39%21%21%2126.90%218.95%21%402103244617591081685633164ec5e3%2112000046218883846%21sea%21PE%210%21ABX%211%210%21n_tag%3A-29910%3Bd%3A813b1c25%3Bm03_new_user%3A-29895%3BpisId%3A5000000174216174&curPageLogUid=VCQKFYZU0EB3&utparam-url=scene%3Asearch%7Cquery_from%3A%7Cx_object_id%3A1005008680892965%7C_p_origin_prod%3A,1,AliExpress,2025-09-29
"Bikini adelgazante sexy Traje de baño de tres piezas Traje de baño morado estilo Ins para mujer Muestra tus curvas en este conjunto de bikini de moda
S/39.44
S/111.45
-64%
5
21 vendidos
-S/72.01 · Nuevo comprador
-2% con monedas",39.44,,-64%,21,https://es.aliexpress.com/item/1005008998921378.html?algo_pvid=fbd3cb4c-ab85-470c-ac16-d492bb1b18b4&algo_exp_id=fbd3cb4c-ab85-470c-ac16-d492bb1b18b4-6&pdp_ext_f=%7B%22order%22%3A%2221%22%2C%22eval%22%3A%221%22%2C%22fromPage%22%3A%22search%22%7D&pdp_npi=6%40dis%21PEN%21111.45%2139.44%21%21%2130.80%2110.90%21%402103244617591081685633164ec5e3%2112000047515914174%21sea%21PE%210%21ABX%211%210%21n_tag%3A-29910%3Bd%3A813b1c25%3Bm03_new_user%3A-29895%3BpisId%3A5000000174216174&curPageLogUid=V7qLQMjSKkbj&utparam-url=scene%3Asearch%7Cquery_from%3A%7Cx_object_id%3A1005008998921378%7C_p_origin_prod%3A,1,AliExpress,2025-09-29
"2024 traje de baño Floral Rush Guard de manga larga para surfear, traje de baño de dos piezas para mujer, bañadores, traje de baño XXL
S/23.31
S/46.61
-50%
Oferta anticipada, solo quedan 1
-2% con monedas",23.31,,-50%,0,https://es.aliexpress.com/item/1005010042703537.html?aem_p4p_detail=2025092818092810211740145052700004149490&algo_pvid=fbd3cb4c-ab85-470c-ac16-d492bb1b18b4&algo_exp_id=fbd3cb4c-ab85-470c-ac16-d492bb1b18b4-7&pdp_ext_f=%7B%22order%22%3A%22-1%22%2C%22eval%22%3A%221%22%2C%22fromPage%22%3A%22search%22%7D&pdp_npi=6%40dis%21PEN%2146.61%2123.31%21%21%2112.88%216.44%21%402103244617591081685633164ec5e3%2112000050924597553%21sea%21PE%210%21ABX%211%210%21n_tag%3A-29910%3Bd%3A813b1c25%3Bm03_new_user%3A-29895&curPageLogUid=Lo01jMIgrxwK&utparam-url=scene%3Asearch%7Cquery_from%3A%7Cx_object_id%3A1005010042703537%7C_p_origin_prod%3A&search_p4p_id=2025092818092810211740145052700004149490_2,1,AliExpress,2025-09-29
"Traje de neopreno de cuerpo completo para hombre, traje de buceo de manga larga para surf, natación, ropa de protección térmica, ropa deportiva y accesorios para bolsa
S/11.94
S/56.45
-78%
4.4
44 vendidos
-S/44.51 · Nuevo comprador
-2% con monedas",11.94,,-78%,44,https://es.aliexpress.com/item/1005009133962747.html?algo_pvid=fbd3cb4c-ab85-470c-ac16-d492bb1b18b4&algo_exp_id=fbd3cb4c-ab85-470c-ac16-d492bb1b18b4-8&pdp_ext_f=%7B%22order%22%3A%2244%22%2C%22eval%22%3A%221%22%2C%22fromPage%22%3A%22search%22%7D&pdp_npi=6%40dis%21PEN%2156.45%2111.94%21%21%2115.60%213.30%21%402103244617591081685633164ec5e3%2112000048037518501%21sea%21PE%210%21ABX%211%210%21n_tag%3A-29910%3Bd%3A813b1c25%3Bm03_new_user%3A-29895%3BpisId%3A5000000174216174&curPageLogUid=MXQ7AbOrX50z&utparam-url=scene%3Asearch%7Cquery_from%3A%7Cx_object_id%3A1005009133962747%7C_p_origin_prod%3A,1,AliExpress,2025-09-29
"Bikini Sexy a la moda de Color puro con cuello colgante, nuevo traje de baño transfronterizo, traje de baño de dos piezas para mujer, Baseini de moda
S/28.67
S/89.89
-68%
4
25 vendidos
-S/61.22 · Nuevo comprador
-2% con monedas",28.67,,-68%,25,https://es.aliexpress.com/item/1005008829553086.html?algo_pvid=fbd3cb4c-ab85-470c-ac16-d492bb1b18b4&algo_exp_id=fbd3cb4c-ab85-470c-ac16-d492bb1b18b4-9&pdp_ext_f=%7B%22order%22%3A%2225%22%2C%22eval%22%3A%221%22%2C%22fromPage%22%3A%22search%22%7D&pdp_npi=6%40dis%21PEN%2189.89%2128.67%21%21%2124.84%217.92%21%402103244617591081685633164ec5e3%2112000046857643605%21sea%21PE%210%21ABX%211%210%21n_tag%3A-29910%3Bd%3A813b1c25%3Bm03_new_user%3A-29895%3BpisId%3A5000000174216174&curPageLogUid=NhLl1dd0G1Dl&utparam-url=scene%3Asearch%7Cquery_from%3A%7Cx_object_id%3A1005008829553086%7C_p_origin_prod%3A,1,AliExpress,2025-09-29
"Traje de baño de entrenamiento profesional para hombres, borde de corte de cinco puntos, cintura ancha antideslumbrante, te hace y suaviza tu silueta caliente
S/19.69
S/71.94
-72%
4.2
81 vendidos
-S/52.25 · Nuevo comprador
-2% con monedas",19.69,,-72%,81,https://es.aliexpress.com/item/1005008395209422.html?algo_pvid=fbd3cb4c-ab85-470c-ac16-d492bb1b18b4&algo_exp_id=fbd3cb4c-ab85-470c-ac16-d492bb1b18b4-10&pdp_ext_f=%7B%22order%22%3A%2281%22%2C%22eval%22%3A%221%22%2C%22fromPage%22%3A%22search%22%7D&pdp_npi=6%40dis%21PEN%2171.94%2119.69%21%21%2119.88%215.44%21%402103244617591081685633164ec5e3%2112000044841540126%21sea%21PE%210%21ABX%211%210%21n_tag%3A-29910%3Bd%3A813b1c25%3Bm03_new_user%3A-29895%3BpisId%3A5000000174216174&curPageLogUid=LmaekIjojLaQ&utparam-url=scene%3Asearch%7Cquery_from%3A%7Cx_object_id%3A1005008395209422%7C_p_origin_prod%3A,1,AliExpress,2025-09-29
"2025 traje de baño deportivo delgado para mujer, traje de baño de carreras de una pieza, bañadores sexis para mujer, traje de baño para nadar, ropa de playa XXL
S/13.14
S/54.79
-76%
Oferta anticipada, solo quedan 1",13.14,,-76%,0,https://es.aliexpress.com/item/1005010028077460.html?aem_p4p_detail=2025092818092810211740145052700004149490&algo_pvid=fbd3cb4c-ab85-470c-ac16-d492bb1b18b4&algo_exp_id=fbd3cb4c-ab85-470c-ac16-d492bb1b18b4-11&pdp_ext_f=%7B%22order%22%3A%22-1%22%2C%22eval%22%3A%221%22%2C%22fromPage%22%3A%22search%22%7D&pdp_npi=6%40dis%21PEN%2154.79%2113.14%21%21%2115.14%213.63%21%402103244617591081685633164ec5e3%2112000050877327631%21sea%21PE%210%21ABX%211%210%21n_tag%3A-29910%3Bd%3A813b1c25%3Bm03_new_user%3A-29895&curPageLogUid=rusImEPpkfYD&utparam-url=scene%3Asearch%7Cquery_from%3A%7Cx_object_id%3A1005010028077460%7C_p_origin_prod%3A&search_p4p_id=2025092818092810211740145052700004149490_3,1,AliExpress,2025-09-29
"Pantalones cortos de Bikini para mujer, traje de baño de cintura alta, pantalones cortos de playa, trajes de baño florales de Color sólido, parte inferior Tankini de talla grande S-4XL
S/3.93
S/20.21
-80%
4.6
346 vendidos
-S/16.28 · Nuevo comprador",3.93,,-80%,346,https://es.aliexpress.com/item/1005008147083274.html?algo_pvid=fbd3cb4c-ab85-470c-ac16-d492bb1b18b4&algo_exp_id=fbd3cb4c-ab85-470c-ac16-d492bb1b18b4-48&pdp_ext_f=%7B%22order%22%3A%22346%22%2C%22eval%22%3A%221%22%2C%22fromPage%22%3A%22search%22%7D&pdp_npi=6%40dis%21PEN%2120.21%213.93%21%21%2139.90%217.76%21%402103244617591081685633164ec5e3%2112000043987735184%21sea%21PE%210%21ABX%211%210%21n_tag%3A-29910%3Bd%3A813b1c25%3Bm03_new_user%3A-29895%3BpisId%3A5000000174216174&curPageLogUid=Ai0fvnQtmw7l&utparam-url=scene%3Asearch%7Cquery_from%3A%7Cx_object_id%3A1005008147083274%7C_p_origin_prod%3A,1,AliExpress,2025-09-29
"Bikinis Push Up con cuello Halter para mujer, traje de baño de cintura alta, traje de baño para mujer, bañadores, ropa de playa para mujer
S/18.85
S/81.71
-76%
4.8
600+ vendidos
-S/62.86 · Nuevo comprador
-1% con monedas",18.85,,-76%,600,https://es.aliexpress.com/item/1005005998154613.html?algo_pvid=fbd3cb4c-ab85-470c-ac16-d492bb1b18b4&algo_exp_id=fbd3cb4c-ab85-470c-ac16-d492bb1b18b4-49&pdp_ext_f=%7B%22order%22%3A%22607%22%2C%22eval%22%3A%221%22%2C%22fromPage%22%3A%22search%22%7D&pdp_npi=6%40dis%21PEN%2181.71%2118.85%21%21%21161.33%2137.23%21%402103244617591081685633164ec5e3%2112000035237346608%21sea%21PE%210%21ABX%211%210%21n_tag%3A-29910%3Bd%3A813b1c25%3Bm03_new_user%3A-29895%3BpisId%3A5000000174216174&curPageLogUid=nWQOTrdXpPt6&utparam-url=scene%3Asearch%7Cquery_from%3A%7Cx_object_id%3A1005005998154613%7C_p_origin_prod%3A,1,AliExpress,2025-09-29
"Traje de baño de verano para mujer, conjunto de Bikini Sexy con sujetador acolchado de realce, Tanga, traje de baño de dos piezas, ropa de playa, trajes de baño sexis para mujer
S/3.58
S/39.14
-90%
4.8
47 vendidos
-S/35.56 · Nuevo comprador
-1% con monedas",3.58,,-90%,47,https://es.aliexpress.com/item/1005009040564469.html?algo_pvid=fbd3cb4c-ab85-470c-ac16-d492bb1b18b4&algo_exp_id=fbd3cb4c-ab85-470c-ac16-d492bb1b18b4-50&pdp_ext_f=%7B%22order%22%3A%2247%22%2C%22eval%22%3A%221%22%2C%22fromPage%22%3A%22search%22%7D&pdp_npi=6%40dis%21PEN%2139.14%213.58%21%21%2177.28%217.07%21%402103244617591081685633164ec5e3%2112000047680659566%21sea%21PE%210%21ABX%211%210%21n_tag%3A-29910%3Bd%3A813b1c25%3Bm03_new_user%3A-29895%3BpisId%3A5000000174216174&curPageLogUid=s3oSTL5gA8C4&utparam-url=scene%3Asearch%7Cquery_from%3A%7Cx_object_id%3A1005009040564469%7C_p_origin_prod%3A,1,AliExpress,2025-09-29
"VigoCasey-bañador Sexy de parches lisos para mujer, traje de baño de una pieza con realce de un hombro, Monokini con espalda descubierta, traje de baño hueco 2025
S/46.71
S/71.86
-35%
7 vendidos",46.71,,-35%,7,https://es.aliexpress.com/item/1005007243116994.html?aem_p4p_detail=2025092818092810211740145052700004149490&algo_pvid=fbd3cb4c-ab85-470c-ac16-d492bb1b18b4&algo_exp_id=fbd3cb4c-ab85-470c-ac16-d492bb1b18b4-51&pdp_ext_f=%7B%22order%22%3A%227%22%2C%22eval%22%3A%221%22%2C%22fromPage%22%3A%22search%22%7D&pdp_npi=6%40dis%21PEN%2171.86%2146.71%21%21%21141.87%2192.22%21%402103244617591081685633164ec5e3%2112000039926352803%21sea%21PE%210%21ABX%211%210%21n_tag%3A-29910%3Bd%3A813b1c25%3Bm03_new_user%3A-29895&curPageLogUid=RYdBT6mMpXCp&utparam-url=scene%3Asearch%7Cquery_from%3A%7Cx_object_id%3A1005007243116994%7C_p_origin_prod%3A&search_p4p_id=2025092818092810211740145052700004149490_13,1,AliExpress,2025-09-29
"2025 nuevo traje de baño Sexy de cintura alta, Bikini de dos piezas con estampado de hojas, traje de baño ajustado con tirantes, ropa de playa, traje de baño de verano para mujer
S/32.68
S/99.91
-67%
4.6
79 vendidos
-S/67.23 · Nuevo comprador
-1% con monedas",32.68,,-67%,79,https://es.aliexpress.com/item/1005008597068548.html?algo_pvid=fbd3cb4c-ab85-470c-ac16-d492bb1b18b4&algo_exp_id=fbd3cb4c-ab85-470c-ac16-d492bb1b18b4-52&pdp_ext_f=%7B%22order%22%3A%2279%22%2C%22eval%22%3A%221%22%2C%22fromPage%22%3A%22search%22%7D&pdp_npi=6%40dis%21PEN%2199.91%2132.68%21%21%21197.26%2164.52%21%402103244617591081685633164ec5e3%2112000045885991378%21sea%21PE%210%21ABX%211%210%21n_tag%3A-29910%3Bd%3A813b1c25%3Bm03_new_user%3A-29895%3BpisId%3A5000000174216174&curPageLogUid=NBwPKgrk98OC&utparam-url=scene%3Asearch%7Cquery_from%3A%7Cx_object_id%3A1005008597068548%7C_p_origin_prod%3A,1,AliExpress,2025-09-29
"Traje de baño blanco Vintage para mujer, falda larga de malla con realce y hebilla de ostra de Metal, conjunto de Bikini de 3 piezas, traje de baño para vacaciones 2025
S/18.61
S/59.13
-68%
5
69 vendidos
-S/40.52 · Nuevo comprador
-2% con monedas",18.61,,-68%,69,https://es.aliexpress.com/item/1005009196044436.html?algo_pvid=fbd3cb4c-ab85-470c-ac16-d492bb1b18b4&algo_exp_id=fbd3cb4c-ab85-470c-ac16-d492bb1b18b4-53&pdp_ext_f=%7B%22order%22%3A%2269%22%2C%22eval%22%3A%221%22%2C%22fromPage%22%3A%22search%22%7D&pdp_npi=6%40dis%21PEN%2159.13%2118.61%21%21%2116.34%215.14%21%402103244617591081685633164ec5e3%2112000050076550235%21sea%21PE%210%21ABX%211%210%21n_tag%3A-29910%3Bd%3A813b1c25%3Bm03_new_user%3A-29895%3BpisId%3A5000000174216174&curPageLogUid=9ZZF5ahLD7OA&utparam-url=scene%3Asearch%7Cquery_from%3A%7Cx_object_id%3A1005009196044436%7C_p_origin_prod%3A,1,AliExpress,2025-09-29
"2025 traje de baño de surf de manga corta para mujer, ropa de buceo de 2 piezas con cordón, traje de baño estampado, ropa de playa para mujer, traje de baño
S/11.4
S/54.24
-79%
4.6
174 vendidos",11.4,,-79%,174,https://es.aliexpress.com/item/1005008124976905.html?algo_pvid=fbd3cb4c-ab85-470c-ac16-d492bb1b18b4&algo_exp_id=fbd3cb4c-ab85-470c-ac16-d492bb1b18b4-54&pdp_ext_f=%7B%22order%22%3A%22174%22%2C%22eval%22%3A%221%22%2C%22fromPage%22%3A%22search%22%7D&pdp_npi=6%40dis%21PEN%2154.24%2111.40%21%21%2114.99%213.15%21%402103244617591081685633164ec5e3%2112000043892375028%21sea%21PE%210%21ABX%211%210%21n_tag%3A-29910%3Bd%3A813b1c25%3Bm03_new_user%3A-29895&curPageLogUid=oNAmbxHp8K26&utparam-url=scene%3Asearch%7Cquery_from%3A%7Cx_object_id%3A1005008124976905%7C_p_origin_prod%3A,1,AliExpress,2025-09-29
"Traje de baño con estampado de hojas para mujer, traje de baño de una pieza con tiras, bañador Sexy para playa, traje de baño XXL 2025
S/23.59
S/53.59
-56%
1 vendidos",23.59,,-56%,1,https://es.aliexpress.com/item/1005010027733878.html?aem_p4p_detail=2025092818092810211740145052700004149490&algo_pvid=fbd3cb4c-ab85-470c-ac16-d492bb1b18b4&algo_exp_id=fbd3cb4c-ab85-470c-ac16-d492bb1b18b4-55&pdp_ext_f=%7B%22order%22%3A%221%22%2C%22eval%22%3A%221%22%2C%22fromPage%22%3A%22search%22%7D&pdp_npi=6%40dis%21PEN%2153.59%2123.59%21%21%2114.81%216.52%21%402103244617591081685633164ec5e3%2112000050877143017%21sea%21PE%210%21ABX%211%210%21n_tag%3A-29910%3Bd%3A813b1c25%3Bm03_new_user%3A-29895&curPageLogUid=6yIVxCEdDMxx&utparam-url=scene%3Asearch%7Cquery_from%3A%7Cx_object_id%3A1005010027733878%7C_p_origin_prod%3A&search_p4p_id=2025092818092810211740145052700004149490_14,1,AliExpress,2025-09-29
"Traje de baño conservador de una pieza de manga larga de Color sólido para mujer, traje de baño negro con cremallera frontal en el pecho, traje de baño para Surf en la playa 2025
S/25.27
S/86.57
-70%
4.2
42 vendidos
-S/61.3 · Nuevo comprador
-1% con monedas",25.27,,-70%,42,https://es.aliexpress.com/item/1005009391390991.html?algo_pvid=fbd3cb4c-ab85-470c-ac16-d492bb1b18b4&algo_exp_id=fbd3cb4c-ab85-470c-ac16-d492bb1b18b4-56&pdp_ext_f=%7B%22order%22%3A%2242%22%2C%22eval%22%3A%221%22%2C%22fromPage%22%3A%22search%22%7D&pdp_npi=6%40dis%21PEN%2186.57%2125.27%21%21%21170.92%2149.90%21%402103244617591081685633164ec5e3%2112000048957437074%21sea%21PE%210%21ABX%211%210%21n_tag%3A-29910%3Bd%3A813b1c25%3Bm03_new_user%3A-29895%3BpisId%3A5000000174216174&curPageLogUid=aw7A223SsfAQ&utparam-url=scene%3Asearch%7Cquery_from%3A%7Cx_object_id%3A1005009391390991%7C_p_origin_prod%3A,1,AliExpress,2025-09-29
"24New traje de baño de dos piezas de manga larga traje de baño Midriff traje impreso señora Sexy traje de baño DL622
S/53.78
S/67.22
-20%
-5% con monedas",53.78,,-20%,0,https://es.aliexpress.com/item/1005008038351069.html?algo_pvid=fbd3cb4c-ab85-470c-ac16-d492bb1b18b4&algo_exp_id=fbd3cb4c-ab85-470c-ac16-d492bb1b18b4-57&pdp_ext_f=%7B%22order%22%3A%22-1%22%2C%22eval%22%3A%221%22%2C%22fromPage%22%3A%22search%22%7D&pdp_npi=6%40dis%21PEN%2167.22%2153.78%21%21%21132.71%21106.17%21%402103244617591081685633164ec5e3%2112000043368933896%21sea%21PE%210%21ABX%211%210%21n_tag%3A-29910%3Bd%3A813b1c25%3Bm03_new_user%3A-29895&curPageLogUid=PBR1l8Eh6LfX&utparam-url=scene%3Asearch%7Cquery_from%3A%7Cx_object_id%3A1005008038351069%7C_p_origin_prod%3A,1,AliExpress,2025-09-29
"Bañadores de L-5XL para hombre, pantalones de playa con estampado de secado rápido, estilo de cinco puntos, bañadores gruesos de doble capa para adultos
S/27.36
S/42.09
-35%",27.36,,-35%,0,https://es.aliexpress.com/item/1005009625860325.html?algo_pvid=fbd3cb4c-ab85-470c-ac16-d492bb1b18b4&algo_exp_id=fbd3cb4c-ab85-470c-ac16-d492bb1b18b4-58&pdp_ext_f=%7B%22order%22%3A%22-1%22%2C%22eval%22%3A%221%22%2C%22fromPage%22%3A%22search%22%7D&pdp_npi=6%40dis%21PEN%2142.09%2127.36%21%21%2183.10%2154.01%21%402103244617591081685633164ec5e3%2112000049673306350%21sea%21PE%210%21ABX%211%210%21n_tag%3A-29910%3Bd%3A813b1c25%3Bm03_new_user%3A-29895&curPageLogUid=YdqVnpFccnz6&utparam-url=scene%3Asearch%7Cquery_from%3A%7Cx_object_id%3A1005009625860325%7C_p_origin_prod%3A,1,AliExpress,2025-09-29
"2025 traje de baño Floral de una pieza para mujer, traje de baño ajustado de manga larga para surfear, bañadores para mujer, traje de baño para nadar y Surf
S/22.84
S/46.61
-51%
1 vendidos
-2% con monedas",22.84,,-51%,1,https://es.aliexpress.com/item/1005009995681902.html?aem_p4p_detail=2025092818092810211740145052700004149490&algo_pvid=fbd3cb4c-ab85-470c-ac16-d492bb1b18b4&algo_exp_id=fbd3cb4c-ab85-470c-ac16-d492bb1b18b4-59&pdp_ext_f=%7B%22order%22%3A%221%22%2C%22eval%22%3A%221%22%2C%22fromPage%22%3A%22search%22%7D&pdp_npi=6%40dis%21PEN%2146.61%2122.84%21%21%2112.88%216.31%21%402103244617591081685633164ec5e3%2112000050790685183%21sea%21PE%210%21ABX%211%210%21n_tag%3A-29910%3Bd%3A813b1c25%3Bm03_new_user%3A-29895&curPageLogUid=3m6sZrjKFtf9&utparam-url=scene%3Asearch%7Cquery_from%3A%7Cx_object_id%3A1005009995681902%7C_p_origin_prod%3A&search_p4p_id=2025092818092810211740145052700004149490_15,1,AliExpress,2025-09-29
"Traje de baño Sexy con aros para mujer, traje de baño de 2 piezas, Monokini ajustado con estampado de cadenas, Bikini Push Up, ropa de playa negra, azul y verde, lujo ligero
S/47.79
S/64.07
-25%
4.9
48 vendidos
-S/16.28 · Nuevo comprador
Premium Quality",47.79,,-25%,48,https://es.aliexpress.com/item/1005006487971014.html?algo_pvid=314d0c4e-e7cb-4642-a346-529df6195814&algo_exp_id=314d0c4e-e7cb-4642-a346-529df6195814-0&pdp_ext_f=%7B%22order%22%3A%2248%22%2C%22eval%22%3A%221%22%2C%22fromPage%22%3A%22search%22%7D&pdp_npi=6%40dis%21PEN%2164.07%2147.79%21%21%21126.49%2194.35%21%402103209b17591082175851983e940c%2112000037389669562%21sea%21PE%210%21ABX%211%210%21n_tag%3A-29910%3Bd%3A813b1c25%3Bm03_new_user%3A-29895%3BpisId%3A5000000174216174&curPageLogUid=sZ7VhwD1XbU1&utparam-url=scene%3Asearch%7Cquery_from%3A%7Cx_object_id%3A1005006487971014%7C_p_origin_prod%3A,2,AliExpress,2025-09-29
"Bañadores con estampados de moda para hombre, calzoncillos tipo bóxer de playa de secado rápido con cordón, calzoncillos de baño para niño
S/3.58
S/42.16
-91%
4.7
480 vendidos
-S/38.58 · Nuevo comprador
Top ventas en AliExpress",3.58,,-91%,480,https://es.aliexpress.com/item/1005009205413176.html?algo_pvid=314d0c4e-e7cb-4642-a346-529df6195814&algo_exp_id=314d0c4e-e7cb-4642-a346-529df6195814-1&pdp_ext_f=%7B%22order%22%3A%22480%22%2C%22eval%22%3A%221%22%2C%22fromPage%22%3A%22search%22%7D&pdp_npi=6%40dis%21PEN%2142.16%213.58%21%21%2183.24%217.08%21%402103209b17591082175851983e940c%2112000049298444457%21sea%21PE%210%21ABX%211%210%21n_tag%3A-29910%3Bd%3A813b1c25%3Bm03_new_user%3A-29895%3BpisId%3A5000000174216174&curPageLogUid=8Kx7cqJLphjJ&utparam-url=scene%3Asearch%7Cquery_from%3A%7Cx_object_id%3A1005009205413176%7C_p_origin_prod%3A,2,AliExpress,2025-09-29
"Nuevo top de bikini liso para mujer con tirantes cruzados, diseño pequeño, tirantes ajustables, top de natación a la moda
S/8.31
S/49.19
-83%
4.1
156 vendidos
-S/40.88 · Nuevo comprador
-1% con monedas",8.31,,-83%,156,https://es.aliexpress.com/item/1005007094686330.html?algo_pvid=314d0c4e-e7cb-4642-a346-529df6195814&algo_exp_id=314d0c4e-e7cb-4642-a346-529df6195814-2&pdp_ext_f=%7B%22order%22%3A%22156%22%2C%22eval%22%3A%221%22%2C%22fromPage%22%3A%22search%22%7D&pdp_npi=6%40dis%21PEN%2149.19%218.31%21%21%2197.11%2116.41%21%402103209b17591082175851983e940c%2112000039383774042%21sea%21PE%210%21ABX%211%210%21n_tag%3A-29910%3Bd%3A813b1c25%3Bm03_new_user%3A-29895%3BpisId%3A5000000174216174&curPageLogUid=vZgjp2UU2BrE&utparam-url=scene%3Asearch%7Cquery_from%3A%7Cx_object_id%3A1005007094686330%7C_p_origin_prod%3A,2,AliExpress,2025-09-29
"Vigoashely-bañador unicolor de un hombro para mujer, traje de baño Sexy de una pieza con realce, Monokini, traje de baño para playa para verano 2025
S/50.3
S/77.39
-35%
4.6
137 vendidos",50.3,,-35%,137,https://es.aliexpress.com/item/1005007475147854.html?aem_p4p_detail=20250928181017978624838062520004018248&algo_pvid=314d0c4e-e7cb-4642-a346-529df6195814&algo_exp_id=314d0c4e-e7cb-4642-a346-529df6195814-3&pdp_ext_f=%7B%22order%22%3A%22137%22%2C%22eval%22%3A%221%22%2C%22fromPage%22%3A%22search%22%7D&pdp_npi=6%40dis%21PEN%2177.39%2150.30%21%21%21152.80%2199.32%21%402103209b17591082175851983e940c%2112000040903582399%21sea%21PE%210%21ABX%211%210%21n_tag%3A-29910%3Bd%3A813b1c25%3Bm03_new_user%3A-29895&curPageLogUid=OpQdMhCLUHWI&utparam-url=scene%3Asearch%7Cquery_from%3A%7Cx_object_id%3A1005007475147854%7C_p_origin_prod%3A&search_p4p_id=20250928181017978624838062520004018248_1,2,AliExpress,2025-09-29
"Conjunto de Bikini de 3 piezas para mujer, traje de baño Push Up con 2 fondos, cintura baja y media, correas ajustables, ropa de playa de verano, traje de baño 2025
S/24
S/40.28
-40%
4.5
388 vendidos
-S/16.28 · Nuevo comprador",24.0,,-40%,388,https://es.aliexpress.com/item/1005008575334705.html?algo_pvid=314d0c4e-e7cb-4642-a346-529df6195814&algo_exp_id=314d0c4e-e7cb-4642-a346-529df6195814-4&pdp_ext_f=%7B%22order%22%3A%22388%22%2C%22eval%22%3A%221%22%2C%22fromPage%22%3A%22search%22%7D&pdp_npi=6%40dis%21PEN%2140.28%2124.00%21%21%2179.53%2147.39%21%402103209b17591082175851983e940c%2112000046293522026%21sea%21PE%210%21ABX%211%210%21n_tag%3A-29910%3Bd%3A813b1c25%3Bm03_new_user%3A-29895%3BpisId%3A5000000174216174&curPageLogUid=pKynZ8wEAF5F&utparam-url=scene%3Asearch%7Cquery_from%3A%7Cx_object_id%3A1005008575334705%7C_p_origin_prod%3A,2,AliExpress,2025-09-29
"Conjunto de Bikini plisado de cintura alta para mujer, traje de baño Sexy de dos piezas con realce y hebilla de Metal naranja, traje de baño para playa, traje de baño para vacaciones 2025
S/22.95
S/66.51
-65%
4.9
87 vendidos
-S/43.56 · Nuevo comprador
-2% con monedas",22.95,,-65%,87,https://es.aliexpress.com/item/1005009338451866.html?algo_pvid=314d0c4e-e7cb-4642-a346-529df6195814&algo_exp_id=314d0c4e-e7cb-4642-a346-529df6195814-5&pdp_ext_f=%7B%22order%22%3A%2287%22%2C%22eval%22%3A%221%22%2C%22fromPage%22%3A%22search%22%7D&pdp_npi=6%40dis%21PEN%2166.51%2122.95%21%21%2118.38%216.34%21%402103209b17591082175851983e940c%2112000048800773182%21sea%21PE%210%21ABX%211%210%21n_tag%3A-29910%3Bd%3A813b1c25%3Bm03_new_user%3A-29895%3BpisId%3A5000000174216174&curPageLogUid=Z8j2KvH2lZ9C&utparam-url=scene%3Asearch%7Cquery_from%3A%7Cx_object_id%3A1005009338451866%7C_p_origin_prod%3A,2,AliExpress,2025-09-29
"Nuevos niños adultos natación cola de sirena chica mamá Cosplay disfraz de sirena regalo de fiesta para niños traje de baño de fantasía con aleta Monofin
S/13.37
S/65.89
-79%
4.2
800+ vendidos
-S/52.52 · Nuevo comprador
Top ventas en AliExpress",13.37,,-79%,800,https://es.aliexpress.com/item/1005008163313652.html?algo_pvid=314d0c4e-e7cb-4642-a346-529df6195814&algo_exp_id=314d0c4e-e7cb-4642-a346-529df6195814-6&pdp_ext_f=%7B%22order%22%3A%22886%22%2C%22eval%22%3A%221%22%2C%22fromPage%22%3A%22search%22%7D&pdp_npi=6%40dis%21PEN%2165.89%2113.37%21%21%21130.09%2126.40%21%402103209b17591082175851983e940c%2112000044050316270%21sea%21PE%210%21ABX%211%210%21n_tag%3A-29910%3Bd%3A813b1c25%3Bm03_new_user%3A-29895%3BpisId%3A5000000174216174&curPageLogUid=Q8xpQ1brHNvh&utparam-url=scene%3Asearch%7Cquery_from%3A%7Cx_object_id%3A1005008163313652%7C_p_origin_prod%3A,2,AliExpress,2025-09-29
"2024 Traje de baño de una pieza con estampado de patrón vintage, conjunto de bikini para mujer, ropa de playa, venta al por mayor
S/80.84
S/97.12
-16%
4.8
83 vendidos
-S/16.28 · Nuevo comprador
-3% con monedas",80.84,,-16%,83,https://es.aliexpress.com/item/1005006919202667.html?aem_p4p_detail=20250928181017978624838062520004018248&algo_pvid=314d0c4e-e7cb-4642-a346-529df6195814&algo_exp_id=314d0c4e-e7cb-4642-a346-529df6195814-7&pdp_ext_f=%7B%22order%22%3A%2283%22%2C%22eval%22%3A%221%22%2C%22fromPage%22%3A%22search%22%7D&pdp_npi=6%40dis%21PEN%2197.12%2180.84%21%21%21191.74%21159.60%21%402103209b17591082175851983e940c%2112000038726172572%21sea%21PE%210%21ABX%211%210%21n_tag%3A-29910%3Bd%3A813b1c25%3Bm03_new_user%3A-29895%3BpisId%3A5000000174216174&curPageLogUid=X3fE13EwXKAW&utparam-url=scene%3Asearch%7Cquery_from%3A%7Cx_object_id%3A1005006919202667%7C_p_origin_prod%3A&search_p4p_id=20250928181017978624838062520004018248_2,2,AliExpress,2025-09-29
"Conjunto de Bikini con cuello Halter para mujer, traje de baño Sexy con Tanga y falda tipo Sarong, ropa de playa blanca, 2025
S/22.54
S/38.82
-41%
5
21 vendidos
-S/16.28 · Nuevo comprador",22.54,,-41%,21,https://es.aliexpress.com/item/1005009398060824.html?algo_pvid=314d0c4e-e7cb-4642-a346-529df6195814&algo_exp_id=314d0c4e-e7cb-4642-a346-529df6195814-8&pdp_ext_f=%7B%22order%22%3A%2221%22%2C%22eval%22%3A%221%22%2C%22fromPage%22%3A%22search%22%7D&pdp_npi=6%40dis%21PEN%2138.82%2122.54%21%21%2176.65%2144.51%21%402103209b17591082175851983e940c%2112000048979064065%21sea%21PE%210%21ABX%211%210%21n_tag%3A-29910%3Bd%3A813b1c25%3Bm03_new_user%3A-29895%3BpisId%3A5000000174216174&curPageLogUid=lLI9BHBsXPfl&utparam-url=scene%3Asearch%7Cquery_from%3A%7Cx_object_id%3A1005009398060824%7C_p_origin_prod%3A,2,AliExpress,2025-09-29
"2025 Halter String Triangle Bikini de dos piezas traje de baño para mujer traje de baño femenino bañistas traje de baño ropa de playa verano
S/3.69
S/40.78
-90%
4.7
1.000+ vendidos
-S/37.09 · Nuevo comprador",3.69,,-90%,1000,https://es.aliexpress.com/item/1005006853300995.html?algo_pvid=314d0c4e-e7cb-4642-a346-529df6195814&algo_exp_id=314d0c4e-e7cb-4642-a346-529df6195814-9&pdp_ext_f=%7B%22order%22%3A%221219%22%2C%22eval%22%3A%221%22%2C%22fromPage%22%3A%22search%22%7D&pdp_npi=6%40dis%21PEN%2140.78%213.69%21%21%2111.27%211.02%21%402103209b17591082175851983e940c%2112000038520024453%21sea%21PE%210%21ABX%211%210%21n_tag%3A-29910%3Bd%3A813b1c25%3Bm03_new_user%3A-29895%3BpisId%3A5000000174216174&curPageLogUid=26rQgU7e5vEA&utparam-url=scene%3Asearch%7Cquery_from%3A%7Cx_object_id%3A1005006853300995%7C_p_origin_prod%3A,2,AliExpress,2025-09-29
"Bikini amarillo liso para Mujer, traje de baño Sexy plisado de corte alto, traje de baño separado para playa, traje de baño de cintura alta, Bikini nuevo 2024
S/19.9
S/45.23
-56%
4.4
432 vendidos
-S/25.33 · Nuevo comprador
-2% con monedas",19.9,,-56%,432,https://es.aliexpress.com/item/1005002605152542.html?algo_pvid=314d0c4e-e7cb-4642-a346-529df6195814&algo_exp_id=314d0c4e-e7cb-4642-a346-529df6195814-10&pdp_ext_f=%7B%22order%22%3A%22432%22%2C%22eval%22%3A%221%22%2C%22fromPage%22%3A%22search%22%7D&pdp_npi=6%40dis%21PEN%2145.23%2119.90%21%21%2112.50%215.50%21%402103209b17591082175851983e940c%2112000046352518476%21sea%21PE%210%21ABX%211%210%21n_tag%3A-29910%3Bd%3A813b1c25%3Bm03_new_user%3A-29895%3BpisId%3A5000000174216174&curPageLogUid=vnwnc8jgdBJI&utparam-url=scene%3Asearch%7Cquery_from%3A%7Cx_object_id%3A1005002605152542%7C_p_origin_prod%3A,2,AliExpress,2025-09-29
"Vigoashely-bañador Sexy con tirantes y estampado para mujer, traje de baño de una pieza con realce, Monokini con Espalda descubierta, traje de baño hueco para verano 2025
S/7.06
S/23.34
-69%
4.4
1.000+ vendidos
-S/16.28 · Nuevo comprador",7.06,,-69%,1000,https://es.aliexpress.com/item/1005004585846241.html?aem_p4p_detail=20250928181017978624838062520004018248&algo_pvid=314d0c4e-e7cb-4642-a346-529df6195814&algo_exp_id=314d0c4e-e7cb-4642-a346-529df6195814-11&pdp_ext_f=%7B%22order%22%3A%221935%22%2C%22eval%22%3A%221%22%2C%22fromPage%22%3A%22search%22%7D&pdp_npi=6%40dis%21PEN%2123.34%217.06%21%21%2146.08%2113.94%21%402103209b17591082175851983e940c%2112000033090475451%21sea%21PE%210%21ABX%211%210%21n_tag%3A-29910%3Bd%3A813b1c25%3Bm03_new_user%3A-29895%3BpisId%3A5000000174216174&curPageLogUid=D2MI0yEWFnbJ&utparam-url=scene%3Asearch%7Cquery_from%3A%7Cx_object_id%3A1005004585846241%7C_p_origin_prod%3A&search_p4p_id=20250928181017978624838062520004018248_3,2,AliExpress,2025-09-29
"2025 traje de baño deportivo para surfear, traje de baño de manga larga para mujer, traje de baño de una pieza, Monokini sólido, traje de baño Tropical para mujer
S/30.69
S/78.27
-60%
4.3
500+ vendidos
-S/47.58 · Nuevo comprador",30.69,,-60%,500,https://es.aliexpress.com/item/1005003633755747.html?algo_pvid=314d0c4e-e7cb-4642-a346-529df6195814&algo_exp_id=314d0c4e-e7cb-4642-a346-529df6195814-48&pdp_ext_f=%7B%22order%22%3A%22545%22%2C%22eval%22%3A%221%22%2C%22fromPage%22%3A%22search%22%7D&pdp_npi=6%40dis%21PEN%2178.27%2130.69%21%21%2121.63%218.48%21%402103209b17591082175851983e940c%2112000026589450615%21sea%21PE%210%21ABX%211%210%21n_tag%3A-29910%3Bd%3A813b1c25%3Bm03_new_user%3A-29895%3BpisId%3A5000000174216174&curPageLogUid=MPXji32dAlrm&utparam-url=scene%3Asearch%7Cquery_from%3A%7Cx_object_id%3A1005003633755747%7C_p_origin_prod%3A,2,AliExpress,2025-09-29
"Traje de baño brasileño para mujer, conjunto de Mini Bikini Sexy de 2 piezas, traje de baño triangular con cuello Halter y espalda descubierta, traje de baño para playa, nuevo estilo 2025
S/12.89
S/36.46
-64%
4.5
369 vendidos
-S/23.57 · Nuevo comprador",12.89,,-64%,369,https://es.aliexpress.com/item/1005008087009507.html?algo_pvid=314d0c4e-e7cb-4642-a346-529df6195814&algo_exp_id=314d0c4e-e7cb-4642-a346-529df6195814-49&pdp_ext_f=%7B%22order%22%3A%22369%22%2C%22eval%22%3A%221%22%2C%22fromPage%22%3A%22search%22%7D&pdp_npi=6%40dis%21PEN%2136.46%2112.89%21%21%2171.99%2125.45%21%402103209b17591082175851983e940c%2112000047986057840%21sea%21PE%210%21ABX%211%210%21n_tag%3A-29910%3Bd%3A813b1c25%3Bm03_new_user%3A-29895%3BpisId%3A5000000174216174&curPageLogUid=1brNe2Sr3OQT&utparam-url=scene%3Asearch%7Cquery_from%3A%7Cx_object_id%3A1005008087009507%7C_p_origin_prod%3A,2,AliExpress,2025-09-29
"Traje de baño para mujer, traje de baño de manga corta de retales para mujer, deportes acuáticos, ropa de playa para piscina, traje de baño de dos piezas con pantalones cortos
S/28
S/44.28
-36%
4.8
60 vendidos
-S/16.28 · Nuevo comprador
-2% con monedas",28.0,,-36%,60,https://es.aliexpress.com/item/1005007499708701.html?algo_pvid=314d0c4e-e7cb-4642-a346-529df6195814&algo_exp_id=314d0c4e-e7cb-4642-a346-529df6195814-50&pdp_ext_f=%7B%22order%22%3A%2260%22%2C%22eval%22%3A%221%22%2C%22fromPage%22%3A%22search%22%7D&pdp_npi=6%40dis%21PEN%2144.28%2128.00%21%21%2187.42%2155.28%21%402103209b17591082175851983e940c%2112000041036426425%21sea%21PE%210%21ABX%211%210%21n_tag%3A-29910%3Bd%3A813b1c25%3Bm03_new_user%3A-29895%3BpisId%3A5000000174216174&curPageLogUid=f48VuoxVIYUy&utparam-url=scene%3Asearch%7Cquery_from%3A%7Cx_object_id%3A1005007499708701%7C_p_origin_prod%3A,2,AliExpress,2025-09-29
"VigoCasey-bañador Sexy de retales para mujer, traje de baño de una pieza con realce calado, Monokini brasileño para mujer, traje de baño para playa 2025
S/30.4
S/71.82
-57%
5
22 vendidos
-S/41.42 · Nuevo comprador",30.4,,-57%,22,https://es.aliexpress.com/item/1005007728064409.html?aem_p4p_detail=20250928181017978624838062520004018248&algo_pvid=314d0c4e-e7cb-4642-a346-529df6195814&algo_exp_id=314d0c4e-e7cb-4642-a346-529df6195814-51&pdp_ext_f=%7B%22order%22%3A%2222%22%2C%22eval%22%3A%221%22%2C%22fromPage%22%3A%22search%22%7D&pdp_npi=6%40dis%21PEN%2171.82%2130.40%21%21%21141.80%2160.03%21%402103209b17591082175851983e940c%2112000042007638337%21sea%21PE%210%21ABX%211%210%21n_tag%3A-29910%3Bd%3A813b1c25%3Bm03_new_user%3A-29895%3BpisId%3A5000000174216174&curPageLogUid=jRIsXhtSx59O&utparam-url=scene%3Asearch%7Cquery_from%3A%7Cx_object_id%3A1005007728064409%7C_p_origin_prod%3A&search_p4p_id=20250928181017978624838062520004018248_13,2,AliExpress,2025-09-29
"2024 Micro Bikini de leopardo para mujer, traje de baño de corte alto con realce, traje de baño Sexy, traje de baño acolchado con Tanga, vacaciones en la playa de verano
S/21.75
S/38.03
-42%
4.7
900+ vendidos
-S/14.47 en S/126.65
-S/16.28 · Nuevo comprador",21.75,,-42%,900,https://es.aliexpress.com/item/1005006653852771.html?algo_pvid=314d0c4e-e7cb-4642-a346-529df6195814&algo_exp_id=314d0c4e-e7cb-4642-a346-529df6195814-52&pdp_ext_f=%7B%22order%22%3A%22908%22%2C%22eval%22%3A%221%22%2C%22fromPage%22%3A%22search%22%7D&pdp_npi=6%40dis%21PEN%2138.03%2121.75%21%21%2110.51%216.01%21%402103209b17591082175851983e940c%2112000038590960084%21sea%21PE%210%21ABX%211%210%21n_tag%3A-29910%3Bd%3A813b1c25%3Bm03_new_user%3A-29895%3BpisId%3A5000000174216174&curPageLogUid=5dO8UzarqL6z&utparam-url=scene%3Asearch%7Cquery_from%3A%7Cx_object_id%3A1005006653852771%7C_p_origin_prod%3A,2,AliExpress,2025-09-29
"2025 traje de baño de un hombro y falda larga acolchada, traje de baño Sexy para mujer, traje de baño para mujer, ropa de playa de verano para nadar
S/43.05
S/43.05",43.05,,,0,https://es.aliexpress.com/item/1005009499865856.html?algo_pvid=314d0c4e-e7cb-4642-a346-529df6195814&algo_exp_id=314d0c4e-e7cb-4642-a346-529df6195814-53&pdp_ext_f=%7B%22order%22%3A%22-1%22%2C%22eval%22%3A%221%22%2C%22fromPage%22%3A%22search%22%7D&pdp_npi=6%40dis%21PEN%2143.05%2143.05%21%21%2185.00%2185.00%21%402103209b17591082175851983e940c%2112000049292120271%21sea%21PE%210%21ABX%211%210%21n_tag%3A-29910%3Bd%3A813b1c25%3Bm03_new_user%3A-29895&curPageLogUid=X3GmtkuerRA8&utparam-url=scene%3Asearch%7Cquery_from%3A%7Cx_object_id%3A1005009499865856%7C_p_origin_prod%3A,2,AliExpress,2025-09-29
"Sujetadores Bikinis Mujer Traje de baño Tops Color sólido Con aros Cobertura total Push Up Swim Crop Brassiere Ropa de playa de verano 1-0
S/18.07
S/51.63
-65%
4.7
133 vendidos",18.07,,-65%,133,https://es.aliexpress.com/item/1005007306292508.html?algo_pvid=314d0c4e-e7cb-4642-a346-529df6195814&algo_exp_id=314d0c4e-e7cb-4642-a346-529df6195814-54&pdp_ext_f=%7B%22order%22%3A%22133%22%2C%22eval%22%3A%221%22%2C%22fromPage%22%3A%22search%22%7D&pdp_npi=6%40dis%21PEN%2151.63%2118.07%21%21%21101.94%2135.68%21%402103209b17591082175851983e940c%2112000040174775989%21sea%21PE%210%21ABX%211%210%21n_tag%3A-29910%3Bd%3A813b1c25%3Bm03_new_user%3A-29895&curPageLogUid=9ds9VsXSEH8k&utparam-url=scene%3Asearch%7Cquery_from%3A%7Cx_object_id%3A1005007306292508%7C_p_origin_prod%3A,2,AliExpress,2025-09-29
"VigoCasey 2025 traje de baño sólido de un hombro para mujer, traje de baño Sexy de una pieza con realce, Monokini sin espalda, traje de baño de verano
S/26.71
S/66.14
-59%
24 vendidos
-S/39.43 · Nuevo comprador",26.71,,-59%,24,https://es.aliexpress.com/item/1005006441649743.html?aem_p4p_detail=20250928181017978624838062520004018248&algo_pvid=314d0c4e-e7cb-4642-a346-529df6195814&algo_exp_id=314d0c4e-e7cb-4642-a346-529df6195814-55&pdp_ext_f=%7B%22order%22%3A%2224%22%2C%22eval%22%3A%221%22%2C%22fromPage%22%3A%22search%22%7D&pdp_npi=6%40dis%21PEN%2166.14%2126.71%21%21%21130.59%2152.74%21%402103209b17591082175851983e940c%2112000037180781205%21sea%21PE%210%21ABX%211%210%21n_tag%3A-29910%3Bd%3A813b1c25%3Bm03_new_user%3A-29895%3BpisId%3A5000000174216174&curPageLogUid=7IwpSBUwlZga&utparam-url=scene%3Asearch%7Cquery_from%3A%7Cx_object_id%3A1005006441649743%7C_p_origin_prod%3A&search_p4p_id=20250928181017978624838062520004018248_14,2,AliExpress,2025-09-29
"Bikinis con aros en U para mujer, traje de baño de cintura alta, traje de baño unicolor, ropa de playa para mujer, bañadores de verano, traje de baño XXL 2025
S/4.85
S/43.13
-88%
4.4
240 vendidos
-S/38.28 · Nuevo comprador
-2% con monedas",4.85,,-88%,240,https://es.aliexpress.com/item/1005009024423743.html?algo_pvid=314d0c4e-e7cb-4642-a346-529df6195814&algo_exp_id=314d0c4e-e7cb-4642-a346-529df6195814-56&pdp_ext_f=%7B%22order%22%3A%22240%22%2C%22eval%22%3A%221%22%2C%22fromPage%22%3A%22search%22%7D&pdp_npi=6%40dis%21PEN%2143.13%214.85%21%21%2111.92%211.34%21%402103209b17591082175851983e940c%2112000047619949889%21sea%21PE%210%21ABX%211%210%21n_tag%3A-29910%3Bd%3A813b1c25%3Bm03_new_user%3A-29895%3BpisId%3A5000000174216174&curPageLogUid=reTOAnLyWiOT&utparam-url=scene%3Asearch%7Cquery_from%3A%7Cx_object_id%3A1005009024423743%7C_p_origin_prod%3A,2,AliExpress,2025-09-29
"Bikinis sexis de verano, trajes de baño Push Up, traje de baño para mujer, ropa de baño para playa, trajes de baño, conjunto de Bikini de cintura alta, bañista para piscina
S/39.41
S/57.97
-32%
4.4
302 vendidos",39.41,,-32%,302,https://es.aliexpress.com/item/1005008928482811.html?algo_pvid=314d0c4e-e7cb-4642-a346-529df6195814&algo_exp_id=314d0c4e-e7cb-4642-a346-529df6195814-57&pdp_ext_f=%7B%22order%22%3A%22302%22%2C%22eval%22%3A%221%22%2C%22fromPage%22%3A%22search%22%7D&pdp_npi=6%40dis%21PEN%2157.97%2139.41%21%21%2116.02%2110.89%21%402103209b17591082175851983e940c%2112000047239031308%21sea%21PE%210%21ABX%211%210%21n_tag%3A-29910%3Bd%3A813b1c25%3Bm03_new_user%3A-29895&curPageLogUid=sah9st29AIJv&utparam-url=scene%3Asearch%7Cquery_from%3A%7Cx_object_id%3A1005008928482811%7C_p_origin_prod%3A,2,AliExpress,2025-09-29
"Bañador de doble capa para hombre y adulto, traje de baño de ángulo plano, secado rápido, antibochorno, pantalones de playa, Kit de natación para Spa
S/27.79
S/27.79
4.6
271 vendidos
-1% con monedas",27.79,,,271,https://es.aliexpress.com/item/1005007462907584.html?algo_pvid=314d0c4e-e7cb-4642-a346-529df6195814&algo_exp_id=314d0c4e-e7cb-4642-a346-529df6195814-58&pdp_ext_f=%7B%22order%22%3A%22271%22%2C%22eval%22%3A%221%22%2C%22fromPage%22%3A%22search%22%7D&pdp_npi=6%40dis%21PEN%2127.79%2127.79%21%21%217.68%217.68%21%402103209b17591082175851983e940c%2112000040856734239%21sea%21PE%210%21ABX%211%210%21n_tag%3A-29910%3Bd%3A813b1c25%3Bm03_new_user%3A-29895&curPageLogUid=vZ7wcUhtKvfK&utparam-url=scene%3Asearch%7Cquery_from%3A%7Cx_object_id%3A1005007462907584%7C_p_origin_prod%3A,2,AliExpress,2025-09-29
"VigoJany-Bikini de talla grande con estampado de retazos para mujer, traje de baño de realce con tirantes, traje de baño sin espalda de cintura alta, ropa de playa 2025
S/64.92
S/99.88
-35%
5
33 vendidos",64.92,,-35%,33,https://es.aliexpress.com/item/1005008728846445.html?aem_p4p_detail=20250928181017978624838062520004018248&algo_pvid=314d0c4e-e7cb-4642-a346-529df6195814&algo_exp_id=314d0c4e-e7cb-4642-a346-529df6195814-59&pdp_ext_f=%7B%22order%22%3A%2233%22%2C%22eval%22%3A%221%22%2C%22fromPage%22%3A%22search%22%7D&pdp_npi=6%40dis%21PEN%2199.88%2164.92%21%21%21197.20%21128.18%21%402103209b17591082175851983e940c%2112000046421461662%21sea%21PE%210%21ABX%211%210%21n_tag%3A-29910%3Bd%3A813b1c25%3Bm03_new_user%3A-29895&curPageLogUid=OaZzVBQbKXOs&utparam-url=scene%3Asearch%7Cquery_from%3A%7Cx_object_id%3A1005008728846445%7C_p_origin_prod%3A&search_p4p_id=20250928181017978624838062520004018248_15,2,AliExpress,2025-09-29
"Calzoncillos de baño transparentes para hombre, bañadores transpirables súper finos de tiro bajo, Mini traje de baño suave para piscinas interiores, baños para el hogar
S/3.58
S/13.24
-72%
4.7
210 vendidos
-S/9.66 · Nuevo comprador
-5% con monedas",3.58,,-72%,210,https://es.aliexpress.com/item/1005008318785460.html?algo_pvid=ae087a5f-5cd3-44b4-8ceb-aa595102de5e&algo_exp_id=ae087a5f-5cd3-44b4-8ceb-aa595102de5e-0&pdp_ext_f=%7B%22order%22%3A%22210%22%2C%22eval%22%3A%221%22%2C%22fromPage%22%3A%22search%22%7D&pdp_npi=6%40dis%21PEN%2113.24%213.58%21%21%213.66%210.99%21%402101c59117591082717542815ea1bb%2112000044593967452%21sea%21PE%210%21ABX%211%210%21n_tag%3A-29910%3Bd%3A813b1c25%3Bm03_new_user%3A-29895%3BpisId%3A5000000174216174&curPageLogUid=sk4eLNyjfpxz&utparam-url=scene%3Asearch%7Cquery_from%3A%7Cx_object_id%3A1005008318785460%7C_p_origin_prod%3A,3,AliExpress,2025-09-29
"Conjunto de dos piezas de vendaje triangular para mujer, ropa de playa Sexy de verano a rayas en blanco y negro, traje de baño para playa, Bikini de estilo para mujer
S/14.85
S/63.52
-76%
4.7
66 vendidos
-S/48.67 · Nuevo comprador
-1% con monedas",14.85,,-76%,66,https://es.aliexpress.com/item/1005008957996006.html?algo_pvid=ae087a5f-5cd3-44b4-8ceb-aa595102de5e&algo_exp_id=ae087a5f-5cd3-44b4-8ceb-aa595102de5e-1&pdp_ext_f=%7B%22order%22%3A%2266%22%2C%22eval%22%3A%221%22%2C%22fromPage%22%3A%22search%22%7D&pdp_npi=6%40dis%21PEN%2163.52%2114.85%21%21%21125.40%2129.31%21%402101c59117591082717542815ea1bb%2112000047677667589%21sea%21PE%210%21ABX%211%210%21n_tag%3A-29910%3Bd%3A813b1c25%3Bm03_new_user%3A-29895%3BpisId%3A5000000174216174&curPageLogUid=UeFhyS7knfkv&utparam-url=scene%3Asearch%7Cquery_from%3A%7Cx_object_id%3A1005008957996006%7C_p_origin_prod%3A,3,AliExpress,2025-09-29
"Conjunto de Bikini con Tanga para mujer, traje de baño Sexy con lazo lateral, estilo vendaje, traje de baño brasileño, ropa de mujer rojo/azul/negro/blanco/rojo vino/rosa
S/3.72
S/6.21
-40%
13 vendidos",3.72,,-40%,13,https://es.aliexpress.com/item/1005008953807331.html?algo_pvid=ae087a5f-5cd3-44b4-8ceb-aa595102de5e&algo_exp_id=ae087a5f-5cd3-44b4-8ceb-aa595102de5e-2&pdp_ext_f=%7B%22order%22%3A%2213%22%2C%22eval%22%3A%221%22%2C%22fromPage%22%3A%22search%22%7D&pdp_npi=6%40dis%21PEN%216.21%213.72%21%21%2112.27%217.36%21%402101c59117591082717542815ea1bb%2112000047347258564%21sea%21PE%210%21ABX%211%210%21n_tag%3A-29910%3Bd%3A813b1c25%3Bm03_new_user%3A-29895&curPageLogUid=1JyTDJHXiCe0&utparam-url=scene%3Asearch%7Cquery_from%3A%7Cx_object_id%3A1005008953807331%7C_p_origin_prod%3A,3,AliExpress,2025-09-29
"VigoJany-bañador grande con volantes y estampado para mujer, traje de baño separado de dos piezas de talla grande, vestido regordete grande, Tankini, 2025
S/57.82
S/57.82
4.6
8 vendidos",57.82,,,8,https://es.aliexpress.com/item/1005005940089975.html?aem_p4p_detail=202509281811113569706779768700005199015&algo_pvid=ae087a5f-5cd3-44b4-8ceb-aa595102de5e&algo_exp_id=ae087a5f-5cd3-44b4-8ceb-aa595102de5e-3&pdp_ext_f=%7B%22order%22%3A%228%22%2C%22eval%22%3A%221%22%2C%22fromPage%22%3A%22search%22%7D&pdp_npi=6%40dis%21PEN%2157.82%2157.82%21%21%21114.16%21114.16%21%402101c59117591082717542815ea1bb%2112000034964775972%21sea%21PE%210%21ABX%211%210%21n_tag%3A-29910%3Bd%3A813b1c25%3Bm03_new_user%3A-29895&curPageLogUid=ySCeMGs8SZsZ&utparam-url=scene%3Asearch%7Cquery_from%3A%7Cx_object_id%3A1005005940089975%7C_p_origin_prod%3A&search_p4p_id=202509281811113569706779768700005199015_1,3,AliExpress,2025-09-29
"Conjunto de Bikini con cuello Halter para mujer, traje de baño corto de cintura alta, bañadores estampados para mujer, ropa de playa 2025, traje de baño
S/3.58
S/39.62
-90%
4.6
440 vendidos
-S/36.04 · Nuevo comprador",3.58,,-90%,440,https://es.aliexpress.com/item/1005005037635804.html?algo_pvid=ae087a5f-5cd3-44b4-8ceb-aa595102de5e&algo_exp_id=ae087a5f-5cd3-44b4-8ceb-aa595102de5e-4&pdp_ext_f=%7B%22order%22%3A%22440%22%2C%22eval%22%3A%221%22%2C%22fromPage%22%3A%22search%22%7D&pdp_npi=6%40dis%21PEN%2139.62%213.58%21%21%2110.95%210.99%21%402101c59117591082717542815ea1bb%2112000031412387825%21sea%21PE%210%21ABX%211%210%21n_tag%3A-29910%3Bd%3A813b1c25%3Bm03_new_user%3A-29895%3BpisId%3A5000000174216174&curPageLogUid=FRsBWql4gAlN&utparam-url=scene%3Asearch%7Cquery_from%3A%7Cx_object_id%3A1005005037635804%7C_p_origin_prod%3A,3,AliExpress,2025-09-29
"Bikini brasileño unicolor para mujer, traje De baño Sexy con hombros descubiertos, ropa De baño femenina, 2019
S/3.58
S/18.06
-80%
4.5
600+ vendidos
-S/14.48 · Nuevo comprador
-2% con monedas",3.58,,-80%,600,https://es.aliexpress.com/item/4000437113907.html?algo_pvid=ae087a5f-5cd3-44b4-8ceb-aa595102de5e&algo_exp_id=ae087a5f-5cd3-44b4-8ceb-aa595102de5e-5&pdp_ext_f=%7B%22order%22%3A%22639%22%2C%22eval%22%3A%221%22%2C%22fromPage%22%3A%22search%22%7D&pdp_npi=6%40dis%21PEN%2118.06%213.58%21%21%214.99%210.99%21%402101c59117591082717542815ea1bb%2110000001895261003%21sea%21PE%210%21ABX%211%210%21n_tag%3A-29910%3Bd%3A813b1c25%3Bm03_new_user%3A-29895%3BpisId%3A5000000174216174&curPageLogUid=PsiEX6s2FPgW&utparam-url=scene%3Asearch%7Cquery_from%3A%7Cx_object_id%3A4000437113907%7C_p_origin_prod%3A,3,AliExpress,2025-09-29
"2025 traje de baño de manga larga para surf, traje de baño estampado para mujer, ropa de buceo de dos piezas, ropa de playa, traje de baño para nadar
S/8.29
S/50.12
-83%
4.7
180 vendidos
-S/41.83 · Nuevo comprador
Top ventas en AliExpress",8.29,,-83%,180,https://es.aliexpress.com/item/1005006479640952.html?algo_pvid=ae087a5f-5cd3-44b4-8ceb-aa595102de5e&algo_exp_id=ae087a5f-5cd3-44b4-8ceb-aa595102de5e-6&pdp_ext_f=%7B%22order%22%3A%22180%22%2C%22eval%22%3A%221%22%2C%22fromPage%22%3A%22search%22%7D&pdp_npi=6%40dis%21PEN%2150.12%218.29%21%21%2113.85%212.29%21%402101c59117591082717542815ea1bb%2112000037353591854%21sea%21PE%210%21ABX%211%210%21n_tag%3A-29910%3Bd%3A813b1c25%3Bm03_new_user%3A-29895%3BpisId%3A5000000174216174&curPageLogUid=VEfm07FzFz3A&utparam-url=scene%3Asearch%7Cquery_from%3A%7Cx_object_id%3A1005006479640952%7C_p_origin_prod%3A,3,AliExpress,2025-09-29
"Flaxmaker-Conjunto de Bikini Sexy para mujer, traje de baño con tirantes, serie Majolica clásica, estampado de patrones, traje de baño de una pieza, Bikini de verano, ropa de playa
S/79.73
S/174.57
-54%
5
11 vendidos
-S/94.84 · Nuevo comprador
-3% con monedas",79.73,,-54%,11,https://es.aliexpress.com/item/1005009554916833.html?aem_p4p_detail=202509281811113569706779768700005199015&algo_pvid=ae087a5f-5cd3-44b4-8ceb-aa595102de5e&algo_exp_id=ae087a5f-5cd3-44b4-8ceb-aa595102de5e-7&pdp_ext_f=%7B%22order%22%3A%2211%22%2C%22eval%22%3A%221%22%2C%22fromPage%22%3A%22search%22%7D&pdp_npi=6%40dis%21PEN%21174.57%2179.73%21%21%21344.66%21157.42%21%402101c59117591082717542815ea1bb%2112000049837389383%21sea%21PE%210%21ABX%211%210%21n_tag%3A-29910%3Bd%3A813b1c25%3Bm03_new_user%3A-29895%3BpisId%3A5000000174216174&curPageLogUid=RkAIzM0PojLe&utparam-url=scene%3Asearch%7Cquery_from%3A%7Cx_object_id%3A1005009554916833%7C_p_origin_prod%3A&search_p4p_id=202509281811113569706779768700005199015_2,3,AliExpress,2025-09-29
"Trajes de baño de color marrón liso, conjunto de Bikini triangular con cuello Halter y cordón, traje de baño Sexy para mujer, faldas de malla 2025, traje de baño, Bikinis para mujer
S/44.83
S/75.98
-41%
4.7
172 vendidos",44.83,,-41%,172,https://es.aliexpress.com/item/1005008727673163.html?algo_pvid=ae087a5f-5cd3-44b4-8ceb-aa595102de5e&algo_exp_id=ae087a5f-5cd3-44b4-8ceb-aa595102de5e-8&pdp_ext_f=%7B%22order%22%3A%22172%22%2C%22eval%22%3A%221%22%2C%22fromPage%22%3A%22search%22%7D&pdp_npi=6%40dis%21PEN%2175.98%2144.83%21%21%21150.00%2188.50%21%402101c59117591082717542815ea1bb%2112000046416346139%21sea%21PE%210%21ABX%211%210%21n_tag%3A-29910%3Bd%3A813b1c25%3Bm03_new_user%3A-29895&curPageLogUid=h01BbjfRkcTd&utparam-url=scene%3Asearch%7Cquery_from%3A%7Cx_object_id%3A1005008727673163%7C_p_origin_prod%3A,3,AliExpress,2025-09-29
"Conjuntos de Bikini con estampado Halter, traje de baño de 3 uds para mujer con Kimono, traje de baño de cintura alta, bañadores para mujer, traje de baño, ropa de playa
S/35.39
S/35.39
4.6
131 vendidos",35.39,,,131,https://es.aliexpress.com/item/1005006763016520.html?algo_pvid=ae087a5f-5cd3-44b4-8ceb-aa595102de5e&algo_exp_id=ae087a5f-5cd3-44b4-8ceb-aa595102de5e-9&pdp_ext_f=%7B%22order%22%3A%22131%22%2C%22eval%22%3A%221%22%2C%22fromPage%22%3A%22search%22%7D&pdp_npi=6%40dis%21PEN%2135.39%2135.39%21%21%2169.88%2169.88%21%402101c59117591082717542815ea1bb%2112000038220661002%21sea%21PE%210%21ABX%211%210%21n_tag%3A-29910%3Bd%3A813b1c25%3Bm03_new_user%3A-29895&curPageLogUid=SKrQLeKa5g0t&utparam-url=scene%3Asearch%7Cquery_from%3A%7Cx_object_id%3A1005006763016520%7C_p_origin_prod%3A,3,AliExpress,2025-09-29
"2025 Y2K novedad de verano estilo de vacaciones en la playa al aire libre fresco de moda Simple y Sexy árbol impreso ropa de natación conjunto de Bikini
S/35.71
S/71.42
-50%
2.7
16 vendidos",35.71,,-50%,16,https://es.aliexpress.com/item/1005009480876067.html?algo_pvid=ae087a5f-5cd3-44b4-8ceb-aa595102de5e&algo_exp_id=ae087a5f-5cd3-44b4-8ceb-aa595102de5e-10&pdp_ext_f=%7B%22order%22%3A%2216%22%2C%22eval%22%3A%221%22%2C%22fromPage%22%3A%22search%22%7D&pdp_npi=6%40dis%21PEN%2171.42%2135.71%21%21%21141.00%2170.50%21%402101c59117591082717542815ea1bb%2112000049233521260%21sea%21PE%210%21ABX%211%210%21n_tag%3A-29910%3Bd%3A813b1c25%3Bm03_new_user%3A-29895&curPageLogUid=gRY4g9EA8HRz&utparam-url=scene%3Asearch%7Cquery_from%3A%7Cx_object_id%3A1005009480876067%7C_p_origin_prod%3A,3,AliExpress,2025-09-29
"Conjunto de Bikini con estampado de patrón de eslinga Vintage, traje de baño para mujer, traje de baño de una pieza con realce, traje de baño sin espalda para verano, ropa de playa
S/83.33
S/181.12
-53%
5
12 vendidos
-S/97.79 · Nuevo comprador",83.33,,-53%,12,https://es.aliexpress.com/item/1005008641832684.html?aem_p4p_detail=202509281811113569706779768700005199015&algo_pvid=ae087a5f-5cd3-44b4-8ceb-aa595102de5e&algo_exp_id=ae087a5f-5cd3-44b4-8ceb-aa595102de5e-11&pdp_ext_f=%7B%22order%22%3A%2212%22%2C%22eval%22%3A%221%22%2C%22fromPage%22%3A%22search%22%7D&pdp_npi=6%40dis%21PEN%21181.12%2183.33%21%21%21357.60%21164.54%21%402101c59117591082717542815ea1bb%2112000046087289034%21sea%21PE%210%21ABX%211%210%21n_tag%3A-29910%3Bd%3A813b1c25%3Bm03_new_user%3A-29895%3BpisId%3A5000000174216173&curPageLogUid=ABMWwKlXOBE7&utparam-url=scene%3Asearch%7Cquery_from%3A%7Cx_object_id%3A1005008641832684%7C_p_origin_prod%3A&search_p4p_id=202509281811113569706779768700005199015_3,3,AliExpress,2025-09-29
"Traje de baño de bikini bandeau texturizado de trigo lateral con lazo de anillo redondo de hardware metálico
S/24.57
S/98.28
-75%
Oferta anticipada, solo quedan 1
-1% con monedas",24.57,,-75%,0,https://es.aliexpress.com/item/1005010007043190.html?algo_pvid=ae087a5f-5cd3-44b4-8ceb-aa595102de5e&algo_exp_id=ae087a5f-5cd3-44b4-8ceb-aa595102de5e-48&pdp_ext_f=%7B%22order%22%3A%22-1%22%2C%22eval%22%3A%221%22%2C%22fromPage%22%3A%22search%22%7D&pdp_npi=6%40dis%21PEN%2198.28%2124.57%21%21%21194.04%2148.51%21%402101c59117591082717542815ea1bb%2112000050823404534%21sea%21PE%210%21ABX%211%210%21n_tag%3A-29910%3Bd%3A813b1c25%3Bm03_new_user%3A-29895&curPageLogUid=dATA6Ljs5Khy&utparam-url=scene%3Asearch%7Cquery_from%3A%7Cx_object_id%3A1005010007043190%7C_p_origin_prod%3A,3,AliExpress,2025-09-29
"Conjunto de Bikini Vintage de moda, traje de baño con tirantes Halter y estampado de flores ajustable, traje de baño Sexy de cintura baja, ropa de playa
S/24.73
S/38.05
-35%
3 vendidos",24.73,,-35%,3,https://es.aliexpress.com/item/1005009139176266.html?algo_pvid=ae087a5f-5cd3-44b4-8ceb-aa595102de5e&algo_exp_id=ae087a5f-5cd3-44b4-8ceb-aa595102de5e-49&pdp_ext_f=%7B%22order%22%3A%223%22%2C%22eval%22%3A%221%22%2C%22fromPage%22%3A%22search%22%7D&pdp_npi=6%40dis%21PEN%2138.05%2124.73%21%21%2175.12%2148.83%21%402101c59117591082717542815ea1bb%2112000048055375259%21sea%21PE%210%21ABX%211%210%21n_tag%3A-29910%3Bd%3A813b1c25%3Bm03_new_user%3A-29895&curPageLogUid=J85V1Afado9s&utparam-url=scene%3Asearch%7Cquery_from%3A%7Cx_object_id%3A1005009139176266%7C_p_origin_prod%3A,3,AliExpress,2025-09-29
"Pantalones cortos de baño para hombre con bolsillo y cremallera, pantalones cortos informales para hombre, pantalones cortos de secado rápido, pantalones cortos para correr, bañadores para hombre, pantalones cortos de verano para hombre
S/17.32
S/67.21
-74%
4.9
331 vendidos
-S/49.89 · Nuevo comprador
-1% con monedas",17.32,,-74%,331,https://es.aliexpress.com/item/1005008481798115.html?algo_pvid=ae087a5f-5cd3-44b4-8ceb-aa595102de5e&algo_exp_id=ae087a5f-5cd3-44b4-8ceb-aa595102de5e-50&pdp_ext_f=%7B%22order%22%3A%22331%22%2C%22eval%22%3A%221%22%2C%22fromPage%22%3A%22search%22%7D&pdp_npi=6%40dis%21PEN%2167.21%2117.32%21%21%21132.70%2134.21%21%402101c59117591082717542815ea1bb%2112000045339115395%21sea%21PE%210%21ABX%211%210%21n_tag%3A-29910%3Bd%3A813b1c25%3Bm03_new_user%3A-29895%3BpisId%3A5000000174216174&curPageLogUid=mnompwcRDAVi&utparam-url=scene%3Asearch%7Cquery_from%3A%7Cx_object_id%3A1005008481798115%7C_p_origin_prod%3A,3,AliExpress,2025-09-29
"Camiseta de surf para hombre, ropa deportiva, traje de baño de manga larga, Top de natación UV, traje de baño ajustado para surfear, Rashguard
S/56.67
S/97.7
-42%
4.6
195 vendidos",56.67,,-42%,195,https://es.aliexpress.com/item/1005006573086802.html?aem_p4p_detail=202509281811113569706779768700005199015&algo_pvid=ae087a5f-5cd3-44b4-8ceb-aa595102de5e&algo_exp_id=ae087a5f-5cd3-44b4-8ceb-aa595102de5e-51&pdp_ext_f=%7B%22order%22%3A%22195%22%2C%22eval%22%3A%221%22%2C%22fromPage%22%3A%22search%22%7D&pdp_npi=6%40dis%21PEN%2197.70%2156.67%21%21%2127.00%2115.66%21%402101c59117591082717542815ea1bb%2112000037707715335%21sea%21PE%210%21ABX%211%210%21n_tag%3A-29910%3Bd%3A813b1c25%3Bm03_new_user%3A-29895&curPageLogUid=H4nncDO75J54&utparam-url=scene%3Asearch%7Cquery_from%3A%7Cx_object_id%3A1005006573086802%7C_p_origin_prod%3A&search_p4p_id=202509281811113569706779768700005199015_14,3,AliExpress,2025-09-29
"Pantalones cortos de baño para mujer, bañador Sexy de cintura alta, malla de encaje transparente, color naranja, ropa de playa
S/4.27
S/20.55
-79%
4.4
79 vendidos
-S/16.28 · Nuevo comprador",4.27,,-79%,79,https://es.aliexpress.com/item/1005007340413765.html?algo_pvid=ae087a5f-5cd3-44b4-8ceb-aa595102de5e&algo_exp_id=ae087a5f-5cd3-44b4-8ceb-aa595102de5e-52&pdp_ext_f=%7B%22order%22%3A%2279%22%2C%22eval%22%3A%221%22%2C%22fromPage%22%3A%22search%22%7D&pdp_npi=6%40dis%21PEN%2120.55%214.27%21%21%215.68%211.18%21%402101c59117591082717542815ea1bb%2112000040334719108%21sea%21PE%210%21ABX%211%210%21n_tag%3A-29910%3Bd%3A813b1c25%3Bm03_new_user%3A-29895%3BpisId%3A5000000174216174&curPageLogUid=uAMz5XvFkedW&utparam-url=scene%3Asearch%7Cquery_from%3A%7Cx_object_id%3A1005007340413765%7C_p_origin_prod%3A,3,AliExpress,2025-09-29
"Traje de baño breve conservador de una pieza para natación, gimnasio, deportes de competición profesionales, traje de baño, conjunto de Bikini de cobertura adelgazante, novedad de 2025
S/23.99
S/47.98
-50%
4 vendidos
-2% con monedas",23.99,,-50%,4,https://es.aliexpress.com/item/1005009813403547.html?algo_pvid=ae087a5f-5cd3-44b4-8ceb-aa595102de5e&algo_exp_id=ae087a5f-5cd3-44b4-8ceb-aa595102de5e-53&pdp_ext_f=%7B%22order%22%3A%224%22%2C%22eval%22%3A%221%22%2C%22fromPage%22%3A%22search%22%7D&pdp_npi=6%40dis%21PEN%2147.98%2123.99%21%21%2113.26%216.63%21%402101c59117591082717542815ea1bb%2112000050253915847%21sea%21PE%210%21ABX%211%210%21n_tag%3A-29910%3Bd%3A813b1c25%3Bm03_new_user%3A-29895&curPageLogUid=zmf0akvUDICS&utparam-url=scene%3Asearch%7Cquery_from%3A%7Cx_object_id%3A1005009813403547%7C_p_origin_prod%3A,3,AliExpress,2025-09-29
"Lindo y cómodo traje de baño de Bob Esponja para niñas, traje de baño de una pieza para niñas, perfecto para nadar, jugar en la playa y diversión de verano 1
S/34.17
S/100.9
-66%
5
19 vendidos
-S/66.73 · Nuevo comprador",34.17,,-66%,19,https://es.aliexpress.com/item/1005009123180112.html?algo_pvid=ae087a5f-5cd3-44b4-8ceb-aa595102de5e&algo_exp_id=ae087a5f-5cd3-44b4-8ceb-aa595102de5e-54&pdp_ext_f=%7B%22order%22%3A%2219%22%2C%22eval%22%3A%221%22%2C%22fromPage%22%3A%22search%22%7D&pdp_npi=6%40dis%21PEN%21100.90%2134.17%21%21%21199.22%2167.47%21%402101c59117591082717542815ea1bb%2112000047993608503%21sea%21PE%210%21ABX%211%210%21n_tag%3A-29910%3Bd%3A813b1c25%3Bm03_new_user%3A-29895%3BpisId%3A5000000174216173&curPageLogUid=lxRULzemI6Br&utparam-url=scene%3Asearch%7Cquery_from%3A%7Cx_object_id%3A1005009123180112%7C_p_origin_prod%3A,3,AliExpress,2025-09-29
"Sexy men's swimsuits, beach swimming shorts, surfboard sportswear
S/26.32
S/26.32
2.9
111 vendidos",26.32,,,111,https://es.aliexpress.com/item/1005009206840498.html?aem_p4p_detail=202509281811113569706779768700005199015&algo_pvid=ae087a5f-5cd3-44b4-8ceb-aa595102de5e&algo_exp_id=ae087a5f-5cd3-44b4-8ceb-aa595102de5e-55&pdp_ext_f=%7B%22order%22%3A%22111%22%2C%22eval%22%3A%221%22%2C%22fromPage%22%3A%22search%22%7D&pdp_npi=6%40dis%21PEN%2126.32%2126.32%21%21%2151.96%2151.96%21%402101c59117591082717542815ea1bb%2112000048301198842%21sea%21PE%210%21ABX%211%210%21n_tag%3A-29910%3Bd%3A813b1c25%3Bm03_new_user%3A-29895&curPageLogUid=JejgnZkbGi7W&utparam-url=scene%3Asearch%7Cquery_from%3A%7Cx_object_id%3A1005009206840498%7C_p_origin_prod%3A&search_p4p_id=202509281811113569706779768700005199015_15,3,AliExpress,2025-09-29
"2024 nuevo Bikini de cintura alta sin tirantes, Bikini Sexy para mujer, traje de baño a la moda para mujer, traje de baño acolchado, Monokin de Color puro
S/3.58
S/38.77
-90%
4.5
92 vendidos
-S/35.19 · Nuevo comprador
-1% con monedas",3.58,,-90%,92,https://es.aliexpress.com/item/1005007310086736.html?algo_pvid=ae087a5f-5cd3-44b4-8ceb-aa595102de5e&algo_exp_id=ae087a5f-5cd3-44b4-8ceb-aa595102de5e-56&pdp_ext_f=%7B%22order%22%3A%2292%22%2C%22eval%22%3A%221%22%2C%22fromPage%22%3A%22search%22%7D&pdp_npi=6%40dis%21PEN%2138.77%213.58%21%21%2176.55%217.08%21%402101c59117591082717542815ea1bb%2112000040194512994%21sea%21PE%210%21ABX%211%210%21n_tag%3A-29910%3Bd%3A813b1c25%3Bm03_new_user%3A-29895%3BpisId%3A5000000174216174&curPageLogUid=g0WAyu2tOO2l&utparam-url=scene%3Asearch%7Cquery_from%3A%7Cx_object_id%3A1005007310086736%7C_p_origin_prod%3A,3,AliExpress,2025-09-29
"Bikini brasileño con estampado para Mujer, traje de baño con Tanga, traje de baño para playa, Bikini Sexy cómodo con Tanga para Mujer 2024
S/14.76
S/29.07
-49%
4.6
18 vendidos
-1% con monedas",14.76,,-49%,18,https://es.aliexpress.com/item/1005007407258349.html?algo_pvid=ae087a5f-5cd3-44b4-8ceb-aa595102de5e&algo_exp_id=ae087a5f-5cd3-44b4-8ceb-aa595102de5e-57&pdp_ext_f=%7B%22order%22%3A%2218%22%2C%22eval%22%3A%221%22%2C%22fromPage%22%3A%22search%22%7D&pdp_npi=6%40dis%21PEN%2129.07%2114.76%21%21%2157.40%2129.15%21%402101c59117591082717542815ea1bb%2112000040618600538%21sea%21PE%210%21ABX%211%210%21n_tag%3A-29910%3Bd%3A813b1c25%3Bm03_new_user%3A-29895&curPageLogUid=hrtIHDw0wc4y&utparam-url=scene%3Asearch%7Cquery_from%3A%7Cx_object_id%3A1005007407258349%7C_p_origin_prod%3A,3,AliExpress,2025-09-29
"1 Juego de ropa interior de alta calidad para mujer, ropa interior Sexy, Tanga elástica ligera, Bikini con lazo lateral, traje de baño de charol PU
S/12.09
S/12.09
4.1
48 vendidos",12.09,,,48,https://es.aliexpress.com/item/1005006616633646.html?algo_pvid=ae087a5f-5cd3-44b4-8ceb-aa595102de5e&algo_exp_id=ae087a5f-5cd3-44b4-8ceb-aa595102de5e-58&pdp_ext_f=%7B%22order%22%3A%2248%22%2C%22eval%22%3A%221%22%2C%22fromPage%22%3A%22search%22%7D&pdp_npi=6%40dis%21PEN%2112.09%2112.09%21%21%2123.86%2123.86%21%402101c59117591082717542815ea1bb%2112000037833331733%21sea%21PE%210%21ABX%211%210%21n_tag%3A-29910%3Bd%3A813b1c25%3Bm03_new_user%3A-29895&curPageLogUid=p40G2uhttfjY&utparam-url=scene%3Asearch%7Cquery_from%3A%7Cx_object_id%3A1005006616633646%7C_p_origin_prod%3A,3,AliExpress,2025-09-29
"Rash guard para mujer, ropa de Surf, traje de baño, ropa de Surf, protección Uv, deporte acuático, camiseta de manga larga, traje de baño
S/56.67
S/97.7
-42%
3.5
34 vendidos",56.67,,-42%,34,https://es.aliexpress.com/item/1005006695246726.html?aem_p4p_detail=202509281811113569706779768700005199015&algo_pvid=ae087a5f-5cd3-44b4-8ceb-aa595102de5e&algo_exp_id=ae087a5f-5cd3-44b4-8ceb-aa595102de5e-59&pdp_ext_f=%7B%22order%22%3A%2234%22%2C%22eval%22%3A%221%22%2C%22fromPage%22%3A%22search%22%7D&pdp_npi=6%40dis%21PEN%2197.70%2156.67%21%21%2127.00%2115.66%21%402101c59117591082717542815ea1bb%2112000038032488854%21sea%21PE%210%21ABX%211%210%21n_tag%3A-29910%3Bd%3A813b1c25%3Bm03_new_user%3A-29895&curPageLogUid=OBAnaPiJuq41&utparam-url=scene%3Asearch%7Cquery_from%3A%7Cx_object_id%3A1005006695246726%7C_p_origin_prod%3A&search_p4p_id=202509281811113569706779768700005199015_16,3,AliExpress,2025-09-29
"Traje de baño de una pieza con cremallera frontal y manga casquillo estándar con bloques de color para playa de verano para mujer
S/35.76
S/105.19
-66%
2 vendidos
Oferta anticipada, solo quedan 3
-1% con monedas",35.76,,-66%,2,https://es.aliexpress.com/item/1005009970157191.html?algo_pvid=f56af00c-fc4a-4bbe-98f5-4808899dbded&algo_exp_id=f56af00c-fc4a-4bbe-98f5-4808899dbded-0&pdp_ext_f=%7B%22order%22%3A%222%22%2C%22eval%22%3A%221%22%2C%22fromPage%22%3A%22search%22%7D&pdp_npi=6%40dis%21PEN%21105.19%2135.76%21%21%21207.68%2170.61%21%40210312d517591083253905754e5efc%2112000050722533892%21sea%21PE%210%21ABX%211%210%21n_tag%3A-29910%3Bd%3A813b1c25%3Bm03_new_user%3A-29895&curPageLogUid=bNDeCHfcrA47&utparam-url=scene%3Asearch%7Cquery_from%3A%7Cx_object_id%3A1005009970157191%7C_p_origin_prod%3A,4,AliExpress,2025-09-29
"Traje de baño de una pieza para mujer, traje de baño conservador, piscina para estudiantes, traje de baño deportivo especial con protección solar de manga larga
S/34.95
S/34.95
4.5
25 vendidos
-5% con monedas",34.95,,,25,https://es.aliexpress.com/item/1005007264044238.html?algo_pvid=f56af00c-fc4a-4bbe-98f5-4808899dbded&algo_exp_id=f56af00c-fc4a-4bbe-98f5-4808899dbded-1&pdp_ext_f=%7B%22order%22%3A%2225%22%2C%22eval%22%3A%221%22%2C%22fromPage%22%3A%22search%22%7D&pdp_npi=6%40dis%21PEN%2134.95%2134.95%21%21%2169.00%2169.00%21%40210312d517591083253905754e5efc%2112000039995809277%21sea%21PE%210%21ABX%211%210%21n_tag%3A-29910%3Bd%3A813b1c25%3Bm03_new_user%3A-29895&curPageLogUid=GIYnoMvWQEHY&utparam-url=scene%3Asearch%7Cquery_from%3A%7Cx_object_id%3A1005007264044238%7C_p_origin_prod%3A,4,AliExpress,2025-09-29
"Conjunto de Bikini de una pieza para mujer, traje de baño con Tanga y lazo, traje de baño brasileño, sujetador ultrafino y sujetador TuBe, lencería erótica MSZYC-m086
S/7.02
S/8.65
-19%
4.1
254 vendidos",7.02,,-19%,254,https://es.aliexpress.com/item/1005006912141146.html?algo_pvid=f56af00c-fc4a-4bbe-98f5-4808899dbded&algo_exp_id=f56af00c-fc4a-4bbe-98f5-4808899dbded-2&pdp_ext_f=%7B%22order%22%3A%22254%22%2C%22eval%22%3A%221%22%2C%22fromPage%22%3A%22search%22%7D&pdp_npi=6%40dis%21PEN%218.65%217.02%21%21%212.39%211.94%21%40210312d517591083253905754e5efc%2112000038703892340%21sea%21PE%210%21ABX%211%210%21n_tag%3A-29910%3Bd%3A813b1c25%3Bm03_new_user%3A-29895&curPageLogUid=XQGYJw3V4qTJ&utparam-url=scene%3Asearch%7Cquery_from%3A%7Cx_object_id%3A1005006912141146%7C_p_origin_prod%3A,4,AliExpress,2025-09-29
"Nuevo traje de baño Batoko para mujer, traje de baño con soporte estampado Simple, traje de baño cómodo y duradero para océano, invierno, natación de verano
S/57.94
S/111.43
-48%
4.7
20 vendidos
-5% con monedas",57.94,,-48%,20,https://es.aliexpress.com/item/1005007605410292.html?aem_p4p_detail=20250928181205180892644616260005295449&algo_pvid=f56af00c-fc4a-4bbe-98f5-4808899dbded&algo_exp_id=f56af00c-fc4a-4bbe-98f5-4808899dbded-3&pdp_ext_f=%7B%22order%22%3A%2220%22%2C%22eval%22%3A%221%22%2C%22fromPage%22%3A%22search%22%7D&pdp_npi=6%40dis%21PEN%21111.43%2157.94%21%21%21220.00%21114.40%21%40210312d517591083253905754e5efc%2112000041478227318%21sea%21PE%210%21ABX%211%210%21n_tag%3A-29910%3Bd%3A813b1c25%3Bm03_new_user%3A-29895&curPageLogUid=H9FURObuDZtE&utparam-url=scene%3Asearch%7Cquery_from%3A%7Cx_object_id%3A1005007605410292%7C_p_origin_prod%3A&search_p4p_id=20250928181205180892644616260005295449_1,4,AliExpress,2025-09-29
"Nuevo conjunto de dos piezas de verano para mujer con borde de volantes de tres capas estampado Sexy con cordones traje de baño de playa informal S-6XL
S/24.95
S/74.96
-66%
4.8
80 vendidos
-S/50.01 · Nuevo comprador",24.95,,-66%,80,https://es.aliexpress.com/item/1005006510384724.html?algo_pvid=f56af00c-fc4a-4bbe-98f5-4808899dbded&algo_exp_id=f56af00c-fc4a-4bbe-98f5-4808899dbded-4&pdp_ext_f=%7B%22order%22%3A%2280%22%2C%22eval%22%3A%221%22%2C%22fromPage%22%3A%22search%22%7D&pdp_npi=6%40dis%21PEN%2174.96%2124.95%21%21%21148.00%2149.26%21%40210312d517591083253905754e5efc%2112000037473554408%21sea%21PE%210%21ABX%211%210%21n_tag%3A-29910%3Bd%3A813b1c25%3Bm03_new_user%3A-29895%3BpisId%3A5000000174216174&curPageLogUid=u3XLqyMo3aRb&utparam-url=scene%3Asearch%7Cquery_from%3A%7Cx_object_id%3A1005006510384724%7C_p_origin_prod%3A,4,AliExpress,2025-09-29
"Nuevo Bikini Sexy para mujer, traje de baño para vacaciones en la playa, conjunto de dos piezas
S/22.22
S/41.03
-45%
4.5
1.000+ vendidos
-S/18.81 · Nuevo comprador
-2% con monedas",22.22,,-45%,1000,https://es.aliexpress.com/item/1005008203074852.html?algo_pvid=f56af00c-fc4a-4bbe-98f5-4808899dbded&algo_exp_id=f56af00c-fc4a-4bbe-98f5-4808899dbded-5&pdp_ext_f=%7B%22order%22%3A%221288%22%2C%22eval%22%3A%221%22%2C%22fromPage%22%3A%22search%22%7D&pdp_npi=6%40dis%21PEN%2141.03%2122.22%21%21%2181.01%2143.87%21%40210312d517591083253905754e5efc%2112000044223137130%21sea%21PE%210%21ABX%211%210%21n_tag%3A-29910%3Bd%3A813b1c25%3Bm03_new_user%3A-29895%3BpisId%3A5000000174216174&curPageLogUid=tHSI6uRietQn&utparam-url=scene%3Asearch%7Cquery_from%3A%7Cx_object_id%3A1005008203074852%7C_p_origin_prod%3A,4,AliExpress,2025-09-29
"Bikini de dos piezas para mujer, traje de baño con cuello en V, conjunto de Bikini con Push-up, traje de baño para playa, S-5XL
S/29.81
S/60.78
-50%
4.1
59 vendidos
-S/30.97 · Nuevo comprador",29.81,,-50%,59,https://es.aliexpress.com/item/1005005747426540.html?algo_pvid=f56af00c-fc4a-4bbe-98f5-4808899dbded&algo_exp_id=f56af00c-fc4a-4bbe-98f5-4808899dbded-6&pdp_ext_f=%7B%22order%22%3A%2259%22%2C%22eval%22%3A%221%22%2C%22fromPage%22%3A%22search%22%7D&pdp_npi=6%40dis%21PEN%2160.78%2129.81%21%21%21120.00%2158.85%21%40210312d517591083253905754e5efc%2112000034202710958%21sea%21PE%210%21ABX%211%210%21n_tag%3A-29910%3Bd%3A813b1c25%3Bm03_new_user%3A-29895%3BpisId%3A5000000174216172&curPageLogUid=C1zkSppn1n7C&utparam-url=scene%3Asearch%7Cquery_from%3A%7Cx_object_id%3A1005005747426540%7C_p_origin_prod%3A,4,AliExpress,2025-09-29
"Nuevas camisetas largas de verano para hombre, camisetas para nadar y Surf UPF 50+, traje de baño Rashguards, traje de baño para playa, traje de baño transpirable para nadar
S/42.61
S/115.48
-63%
4
5 vendidos
-S/72.87 · Nuevo comprador
-5% con monedas",42.61,,-63%,5,https://es.aliexpress.com/item/1005009122325972.html?aem_p4p_detail=20250928181205180892644616260005295449&algo_pvid=f56af00c-fc4a-4bbe-98f5-4808899dbded&algo_exp_id=f56af00c-fc4a-4bbe-98f5-4808899dbded-7&pdp_ext_f=%7B%22order%22%3A%225%22%2C%22eval%22%3A%221%22%2C%22fromPage%22%3A%22search%22%7D&pdp_npi=6%40dis%21PEN%21115.48%2142.61%21%21%21228.00%2184.14%21%40210312d517591083253905754e5efc%2112000047992137396%21sea%21PE%210%21ABX%211%210%21n_tag%3A-29910%3Bd%3A813b1c25%3Bm03_new_user%3A-29895%3BpisId%3A5000000174216173&curPageLogUid=wFRK38fHJ00L&utparam-url=scene%3Asearch%7Cquery_from%3A%7Cx_object_id%3A1005009122325972%7C_p_origin_prod%3A&search_p4p_id=20250928181205180892644616260005295449_2,4,AliExpress,2025-09-29
"CPUTAN-Conjunto de Bikini con estampado Floral para mujer, bañador Sexy de realce, ropa de baño brasileña para niña, ropa de playa 2024
S/3.58
S/28.16
-87%
4.1
13 vendidos
-S/24.58 · Nuevo comprador
-1% con monedas",3.58,,-87%,13,https://es.aliexpress.com/item/1005007279697375.html?algo_pvid=f56af00c-fc4a-4bbe-98f5-4808899dbded&algo_exp_id=f56af00c-fc4a-4bbe-98f5-4808899dbded-8&pdp_ext_f=%7B%22order%22%3A%2213%22%2C%22eval%22%3A%221%22%2C%22fromPage%22%3A%22search%22%7D&pdp_npi=6%40dis%21PEN%2128.16%213.58%21%21%2155.59%217.06%21%40210312d517591083253905754e5efc%2112000040047001752%21sea%21PE%210%21ABX%211%210%21n_tag%3A-29910%3Bd%3A813b1c25%3Bm03_new_user%3A-29895%3BpisId%3A5000000174216173&curPageLogUid=yeZJVsKyIh56&utparam-url=scene%3Asearch%7Cquery_from%3A%7Cx_object_id%3A1005007279697375%7C_p_origin_prod%3A,4,AliExpress,2025-09-29
"Mini Micro Tanga con espalda descubierta para mujer, traje de baño Sexy de una pieza, Monokini para mujer, traje de baño de corte de pierna alta
S/17.29
S/34.59
-50%
4.8
161 vendidos
-5% con monedas",17.29,,-50%,161,https://es.aliexpress.com/item/1005008535671268.html?algo_pvid=f56af00c-fc4a-4bbe-98f5-4808899dbded&algo_exp_id=f56af00c-fc4a-4bbe-98f5-4808899dbded-9&pdp_ext_f=%7B%22order%22%3A%22161%22%2C%22eval%22%3A%221%22%2C%22fromPage%22%3A%22search%22%7D&pdp_npi=6%40dis%21PEN%2134.59%2117.29%21%21%219.56%214.78%21%40210312d517591083253905754e5efc%2112000045605980330%21sea%21PE%210%21ABX%211%210%21n_tag%3A-29910%3Bd%3A813b1c25%3Bm03_new_user%3A-29895&curPageLogUid=kbmCERZFx5Zx&utparam-url=scene%3Asearch%7Cquery_from%3A%7Cx_object_id%3A1005008535671268%7C_p_origin_prod%3A,4,AliExpress,2025-09-29
"Bikinis 2025, traje de baño de cintura alta para mujer, traje de baño con cuello sólido, chaleco deportivo para mujer, bañadores, traje de baño, ropa de playa de verano
S/3.58
S/36.55
-90%
4
233 vendidos
-S/32.97 · Nuevo comprador",3.58,,-90%,233,https://es.aliexpress.com/item/1005004987248864.html?algo_pvid=f56af00c-fc4a-4bbe-98f5-4808899dbded&algo_exp_id=f56af00c-fc4a-4bbe-98f5-4808899dbded-10&pdp_ext_f=%7B%22order%22%3A%22233%22%2C%22eval%22%3A%221%22%2C%22fromPage%22%3A%22search%22%7D&pdp_npi=6%40dis%21PEN%2136.55%213.58%21%21%2110.10%210.99%21%40210312d517591083253905754e5efc%2112000031249605250%21sea%21PE%210%21ABX%211%210%21n_tag%3A-29910%3Bd%3A813b1c25%3Bm03_new_user%3A-29895%3BpisId%3A5000000174216174&curPageLogUid=hfUQoJtP7Ohg&utparam-url=scene%3Asearch%7Cquery_from%3A%7Cx_object_id%3A1005004987248864%7C_p_origin_prod%3A,4,AliExpress,2025-09-29
"Camiseta de manga larga para natación para hombre, traje de baño para playa, protección UV, chaleco salvavidas, traje de baño para buceo, top para surf
S/54.56
S/94.08
-42%
3.5
43 vendidos",54.56,,-42%,43,https://es.aliexpress.com/item/1005006748503039.html?aem_p4p_detail=20250928181205180892644616260005295449&algo_pvid=f56af00c-fc4a-4bbe-98f5-4808899dbded&algo_exp_id=f56af00c-fc4a-4bbe-98f5-4808899dbded-11&pdp_ext_f=%7B%22order%22%3A%2243%22%2C%22eval%22%3A%221%22%2C%22fromPage%22%3A%22search%22%7D&pdp_npi=6%40dis%21PEN%2194.08%2154.56%21%21%2126.00%2115.08%21%40210312d517591083253905754e5efc%2112000038175850536%21sea%21PE%210%21ABX%211%210%21n_tag%3A-29910%3Bd%3A813b1c25%3Bm03_new_user%3A-29895&curPageLogUid=j6hPI8VEtLqn&utparam-url=scene%3Asearch%7Cquery_from%3A%7Cx_object_id%3A1005006748503039%7C_p_origin_prod%3A&search_p4p_id=20250928181205180892644616260005295449_3,4,AliExpress,2025-09-29
"Traje de baño de una pieza para mujer, bañador Sexy triangular de una pieza con cuello halter, cintura ahuecada, cubierta de vientre adelgazante
S/32.3
S/64.59
-50%
-1% con monedas",32.3,,-50%,0,https://es.aliexpress.com/item/1005007294345543.html?algo_pvid=f56af00c-fc4a-4bbe-98f5-4808899dbded&algo_exp_id=f56af00c-fc4a-4bbe-98f5-4808899dbded-48&pdp_ext_f=%7B%22order%22%3A%22-1%22%2C%22eval%22%3A%221%22%2C%22fromPage%22%3A%22search%22%7D&pdp_npi=6%40dis%21PEN%2164.59%2132.30%21%21%21127.52%2163.76%21%40210312d517591083253905754e5efc%2112000040095393191%21sea%21PE%210%21ABX%211%210%21n_tag%3A-29910%3Bd%3A813b1c25%3Bm03_new_user%3A-29895&curPageLogUid=j1JJIS1JJ1b5&utparam-url=scene%3Asearch%7Cquery_from%3A%7Cx_object_id%3A1005007294345543%7C_p_origin_prod%3A,4,AliExpress,2025-09-29
"2025 Nuevo bikini sexy de 2 piezas con cordones y espalda descubierta para mujer, traje de baño dividido de cintura alta de color sólido, ideal para la playa de verano
S/28.87
S/57.74
-50%
3 vendidos
-5% con monedas",28.87,,-50%,3,https://es.aliexpress.com/item/1005009588360701.html?algo_pvid=f56af00c-fc4a-4bbe-98f5-4808899dbded&algo_exp_id=f56af00c-fc4a-4bbe-98f5-4808899dbded-49&pdp_ext_f=%7B%22order%22%3A%223%22%2C%22eval%22%3A%221%22%2C%22fromPage%22%3A%22search%22%7D&pdp_npi=6%40dis%21PEN%2157.74%2128.87%21%21%21113.99%2156.99%21%40210312d517591083253905754e5efc%2112000049549163533%21sea%21PE%210%21ABX%211%210%21n_tag%3A-29910%3Bd%3A813b1c25%3Bm03_new_user%3A-29895&curPageLogUid=3XW4DB7bsbW8&utparam-url=scene%3Asearch%7Cquery_from%3A%7Cx_object_id%3A1005009588360701%7C_p_origin_prod%3A,4,AliExpress,2025-09-29
"Conjunto de 2 piezas con cordón y estampado de plantas tropicales, Tankini de manga corta con cuello redondo, traje de baño elástico con protección solar de retazos
S/9.22
S/54.24
-83%
4.8
53 vendidos",9.22,,-83%,53,https://es.aliexpress.com/item/1005005473757827.html?algo_pvid=f56af00c-fc4a-4bbe-98f5-4808899dbded&algo_exp_id=f56af00c-fc4a-4bbe-98f5-4808899dbded-50&pdp_ext_f=%7B%22order%22%3A%2253%22%2C%22eval%22%3A%221%22%2C%22fromPage%22%3A%22search%22%7D&pdp_npi=6%40dis%21PEN%2154.24%219.22%21%21%2114.99%212.55%21%40210312d517591083253905754e5efc%2112000038171209002%21sea%21PE%210%21ABX%211%210%21n_tag%3A-29910%3Bd%3A813b1c25%3Bm03_new_user%3A-29895&curPageLogUid=zdBD20lGFK4y&utparam-url=scene%3Asearch%7Cquery_from%3A%7Cx_object_id%3A1005005473757827%7C_p_origin_prod%3A,4,AliExpress,2025-09-29
"2025 manga larga Rashguard Upf 50 protección solar Surf camisa de secado rápido transpirable natación camiseta ajustada verano 2023 ropa de gimnasio
S/63.21
S/121.56
-48%
4.3
44 vendidos",63.21,,-48%,44,https://es.aliexpress.com/item/1005009371697304.html?aem_p4p_detail=20250928181205180892644616260005295449&algo_pvid=f56af00c-fc4a-4bbe-98f5-4808899dbded&algo_exp_id=f56af00c-fc4a-4bbe-98f5-4808899dbded-51&pdp_ext_f=%7B%22order%22%3A%2244%22%2C%22eval%22%3A%221%22%2C%22fromPage%22%3A%22search%22%7D&pdp_npi=6%40dis%21PEN%21121.56%2163.21%21%21%21240.00%21124.80%21%40210312d517591083253905754e5efc%2112000048897834625%21sea%21PE%210%21ABX%211%210%21n_tag%3A-29910%3Bd%3A813b1c25%3Bm03_new_user%3A-29895&curPageLogUid=woEbz7Qou30P&utparam-url=scene%3Asearch%7Cquery_from%3A%7Cx_object_id%3A1005009371697304%7C_p_origin_prod%3A&search_p4p_id=20250928181205180892644616260005295449_13,4,AliExpress,2025-09-29
"Bañador de 2 piezas para niña, traje de baño Falbala, conjunto de Bikini Infantil
S/10.87
S/51.22
-78%
4.8
133 vendidos
-S/40.35 · Nuevo comprador
-1% con monedas",10.87,,-78%,133,https://es.aliexpress.com/item/1005006750033335.html?algo_pvid=f56af00c-fc4a-4bbe-98f5-4808899dbded&algo_exp_id=f56af00c-fc4a-4bbe-98f5-4808899dbded-52&pdp_ext_f=%7B%22order%22%3A%22133%22%2C%22eval%22%3A%221%22%2C%22fromPage%22%3A%22search%22%7D&pdp_npi=6%40dis%21PEN%2151.22%2110.87%21%21%21101.13%2121.46%21%40210312d517591083253905754e5efc%2112000038178953283%21sea%21PE%210%21ABX%211%210%21n_tag%3A-29910%3Bd%3A813b1c25%3Bm03_new_user%3A-29895%3BpisId%3A5000000174216174&curPageLogUid=aStewIS0STHu&utparam-url=scene%3Asearch%7Cquery_from%3A%7Cx_object_id%3A1005006750033335%7C_p_origin_prod%3A,4,AliExpress,2025-09-29
"Traje de baño de cinco piezas cómodo de secado rápido de doble capa para hombre, suelto, talla grande para nadar, correr, ropa de playa negra de aguas termales
S/29.13
S/58.26
-50%
5
23 vendidos
-2% con monedas",29.13,,-50%,23,https://es.aliexpress.com/item/1005008982728849.html?algo_pvid=f56af00c-fc4a-4bbe-98f5-4808899dbded&algo_exp_id=f56af00c-fc4a-4bbe-98f5-4808899dbded-53&pdp_ext_f=%7B%22order%22%3A%2223%22%2C%22eval%22%3A%221%22%2C%22fromPage%22%3A%22search%22%7D&pdp_npi=6%40dis%21PEN%2158.26%2129.13%21%21%2116.10%218.05%21%40210312d517591083253905754e5efc%2112000047455753642%21sea%21PE%210%21ABX%211%210%21n_tag%3A-29910%3Bd%3A813b1c25%3Bm03_new_user%3A-29895&curPageLogUid=G8DBZpq9TbXb&utparam-url=scene%3Asearch%7Cquery_from%3A%7Cx_object_id%3A1005008982728849%7C_p_origin_prod%3A,4,AliExpress,2025-09-29
"Conjunto de Bikini con Tanga para mujer, traje de baño Sexy con lazo lateral, estilo vendaje, accesorios de baño, rojo/azul/negro/blanco/rojo vino/rosa
S/16.72
S/23.22
-28%
5
29 vendidos",16.72,,-28%,29,https://es.aliexpress.com/item/1005008629976728.html?algo_pvid=f56af00c-fc4a-4bbe-98f5-4808899dbded&algo_exp_id=f56af00c-fc4a-4bbe-98f5-4808899dbded-54&pdp_ext_f=%7B%22order%22%3A%2229%22%2C%22eval%22%3A%221%22%2C%22fromPage%22%3A%22search%22%7D&pdp_npi=6%40dis%21PEN%2123.22%2116.72%21%21%2145.84%2133.00%21%40210312d517591083253905754e5efc%2112000046023728845%21sea%21PE%210%21ABX%211%210%21n_tag%3A-29910%3Bd%3A813b1c25%3Bm03_new_user%3A-29895&curPageLogUid=9dTyYeSfb3KP&utparam-url=scene%3Asearch%7Cquery_from%3A%7Cx_object_id%3A1005008629976728%7C_p_origin_prod%3A,4,AliExpress,2025-09-29
"Bañador Jammer de verano para hombre, pantalones cortos de playa, mallas de secado rápido para deportes, correr, surf y buceo
S/33.19
S/56.22
-40%
5
6 vendidos
-S/23.03 · Nuevo comprador
-5% con monedas",33.19,,-40%,6,https://es.aliexpress.com/item/1005007235734811.html?aem_p4p_detail=20250928181205180892644616260005295449&algo_pvid=f56af00c-fc4a-4bbe-98f5-4808899dbded&algo_exp_id=f56af00c-fc4a-4bbe-98f5-4808899dbded-55&pdp_ext_f=%7B%22order%22%3A%226%22%2C%22eval%22%3A%221%22%2C%22fromPage%22%3A%22search%22%7D&pdp_npi=6%40dis%21PEN%2156.22%2133.19%21%21%21111.00%2165.54%21%40210312d517591083253905754e5efc%2112000039909022786%21sea%21PE%210%21ABX%211%210%21n_tag%3A-29910%3Bd%3A813b1c25%3Bm03_new_user%3A-29895%3BpisId%3A5000000174216173&curPageLogUid=DVziRtZOnFX3&utparam-url=scene%3Asearch%7Cquery_from%3A%7Cx_object_id%3A1005007235734811%7C_p_origin_prod%3A&search_p4p_id=20250928181205180892644616260005295449_14,4,AliExpress,2025-09-29
"Conjunto de Bikini de dos piezas para mujer, traje de baño Sexy con estampado clásico en blanco y negro, a la moda, para vacaciones, S-5XL
S/34.82
S/63.31
-45%
4.7
41 vendidos",34.82,,-45%,41,https://es.aliexpress.com/item/1005007336855081.html?algo_pvid=f56af00c-fc4a-4bbe-98f5-4808899dbded&algo_exp_id=f56af00c-fc4a-4bbe-98f5-4808899dbded-56&pdp_ext_f=%7B%22order%22%3A%2241%22%2C%22eval%22%3A%221%22%2C%22fromPage%22%3A%22search%22%7D&pdp_npi=6%40dis%21PEN%2163.31%2134.82%21%21%21125.00%2168.75%21%40210312d517591083253905754e5efc%2112000040317538191%21sea%21PE%210%21ABX%211%210%21n_tag%3A-29910%3Bd%3A813b1c25%3Bm03_new_user%3A-29895&curPageLogUid=DiRwHU0gbYxl&utparam-url=scene%3Asearch%7Cquery_from%3A%7Cx_object_id%3A1005007336855081%7C_p_origin_prod%3A,4,AliExpress,2025-09-29
"Microbikini brasileño blanco y negro para mujer, traje de baño Bandeau con Tanga acolchado, traje de baño de corte alto, Monokini liso 2024
S/37.01
S/48.07
-23%
5
55 vendidos
-5% con monedas",37.01,,-23%,55,https://es.aliexpress.com/item/1005007328972761.html?algo_pvid=f56af00c-fc4a-4bbe-98f5-4808899dbded&algo_exp_id=f56af00c-fc4a-4bbe-98f5-4808899dbded-57&pdp_ext_f=%7B%22order%22%3A%2255%22%2C%22eval%22%3A%221%22%2C%22fromPage%22%3A%22search%22%7D&pdp_npi=6%40dis%21PEN%2148.07%2137.01%21%21%2194.90%2173.07%21%40210312d517591083253905754e5efc%2112000040288040130%21sea%21PE%210%21ABX%211%210%21n_tag%3A-29910%3Bd%3A813b1c25%3Bm03_new_user%3A-29895&curPageLogUid=4WZtDoCkgumg&utparam-url=scene%3Asearch%7Cquery_from%3A%7Cx_object_id%3A1005007328972761%7C_p_origin_prod%3A,4,AliExpress,2025-09-29
"Conjunto De Bikinis con Push-Up Sexy, traje De baño De dos piezas con Tanga unicolor, Bikini, traje De baño, Conjunto De Bikini Tankini
S/44.51
S/55.62
-20%
5
2 vendidos",44.51,,-20%,2,https://es.aliexpress.com/item/1005009413253549.html?algo_pvid=f56af00c-fc4a-4bbe-98f5-4808899dbded&algo_exp_id=f56af00c-fc4a-4bbe-98f5-4808899dbded-58&pdp_ext_f=%7B%22order%22%3A%222%22%2C%22eval%22%3A%221%22%2C%22fromPage%22%3A%22search%22%7D&pdp_npi=6%40dis%21PEN%2155.62%2144.51%21%21%2115.37%2112.30%21%40210312d517591083253905754e5efc%2112000049021871073%21sea%21PE%210%21ABX%211%210%21n_tag%3A-29910%3Bd%3A813b1c25%3Bm03_new_user%3A-29895&curPageLogUid=vxsCQiVbgbSD&utparam-url=scene%3Asearch%7Cquery_from%3A%7Cx_object_id%3A1005009413253549%7C_p_origin_prod%3A,4,AliExpress,2025-09-29
"Camiseta de manga larga para hombre Rashguard Upf 50, protección solar para Surf, camiseta ajustada transpirable de secado rápido para natación, ropa de gimnasio de verano 2025
S/46.93
S/121.56
-61%
4.5
49 vendidos
-S/74.63 · Nuevo comprador",46.93,,-61%,49,https://es.aliexpress.com/item/1005009371455936.html?aem_p4p_detail=20250928181205180892644616260005295449&algo_pvid=f56af00c-fc4a-4bbe-98f5-4808899dbded&algo_exp_id=f56af00c-fc4a-4bbe-98f5-4808899dbded-59&pdp_ext_f=%7B%22order%22%3A%2249%22%2C%22eval%22%3A%221%22%2C%22fromPage%22%3A%22search%22%7D&pdp_npi=6%40dis%21PEN%21121.56%2146.93%21%21%21240.00%2192.66%21%40210312d517591083253905754e5efc%2112000048897793654%21sea%21PE%210%21ABX%211%210%21n_tag%3A-29910%3Bd%3A813b1c25%3Bm03_new_user%3A-29895%3BpisId%3A5000000174216174&curPageLogUid=maXtNI15Z60u&utparam-url=scene%3Asearch%7Cquery_from%3A%7Cx_object_id%3A1005009371455936%7C_p_origin_prod%3A&search_p4p_id=20250928181205180892644616260005295449_15,4,AliExpress,2025-09-29
