pagina,titulo,precio_min,precio_max,precio_promedio,moneda,proveedor,ventas,rating,link
1,Camisetas de polo de trabajo Premium promocionales Logotipo personalizado en blanco Impreso Marca Diseño liso Jersey de punto Camisetas de polo unisex para hombres,2.63,4.36,3.5,N/A,Shenzhen Ai-Mich Science And Technology Limited,105 vendidos,4.5/5.0 (10),https://www.alibaba.com/product-detail/Promotional-Premium-Work-Polo-T-Shirts_1600654636709.html?s=p
1,Polos de hombre finos transpirables suaves absorbentes de sudor personalizados,1.5,2.9,2.2,N/A,"Guangzhou Shangju Apparel Co., Ltd.",112 vendidos,4.0/5.0 (78),https://www.alibaba.com/product-detail/Custom-Soft-Sweat-Absorbing-Breathable-Thin_1601205435740.html?s=p
1,Venta al por mayor de polos de lujo de seda de hielo sin costuras verano traje de negocios grupo personalizado uniformes ropa de trabajo,11.25,11.25,11.25,N/A,"Shishi Xuxunlan Trading Import and Export Co., Ltd",43 vendidos,No rating,https://www.alibaba.com/product-detail/Wholesale-Luxury-Polo-Shirts-Ice-Silk_1601402912632.html?s=p
1,"Polo de Golf 100% de algodón para hombre, Camiseta lisa de manga corta con logotipo bordado, color blanco, sublimación",3.19,6.01,4.6,N/A,"Dongguan Tuozhen Garment Co., Ltd.",No info,4.5/5.0 (29),https://www.alibaba.com/product-detail/Sublimation-Blank-100-Cotton-Men-s_1600796626765.html?s=p
1,"Polo de golf de manga corta bordado para hombre, personalizado, para la vida diaria/oficial/informal/deportivo, respetuoso con la piel, 95 algodón, 5 LICRA",7.9,15.9,11.9,N/A,"Guangzhou Oding Clothing Co., Ltd.",No info,4.7/5.0 (2),https://www.alibaba.com/product-detail/Daily-Life-Official-Casual-Sport-Customized_1600782115658.html?s=p
1,2025 Logo BUR moda negocios 100% algodón Polo camiseta para hombres Vintage Slim Berry Casual estampado Golf Polo camisa para deportes,24.9,24.9,24.9,N/A,Yiwu City Chain Qi E-Commerce Firm ( Individual Business),67 vendidos,4.6/5.0 (4),https://www.alibaba.com/product-detail/2025-Logo-BUR-Fashion-Business-100_1601390493809.html
1,Camisetas Polo Personalizadas Unisex Liso 100% Algodón Venta Al por Mayor Camisetas de Manga Corta Polo de Hombre en Blanco,2.85,2.85,2.85,N/A,"Yiwu Xinzhiqi Electronic Commerce Co., Ltd.",2.020 vendidos,4.7/5.0 (34),https://www.alibaba.com/product-detail/Custom-Polo-T-Shirts-Unisex-Plain_1600558801065.html
1,Camiseta personalizada Logo verano Polos solapa TRABAJO ROPA seda 100% algodón manga corta con bordado Logo publicidad camiseta,4.33,4.95,4.64,N/A,Fuzhou Qianzhuo Trading Company Limited,611 vendidos,4.8/5.0 (161),https://www.alibaba.com/product-detail/Custom-T-Shirt-Logo-Summer-Polo_1600875727637.html
1,"Camiseta de poliéster Dry-Fit 100%, camiseta Polo de Golf personalizada, camiseta Polo en blanco por sublimación, camiseta Polo de algodón para hombre",2.09,2.09,2.09,N/A,"Yiwu Guanyu Trading Co., Ltd.",1.770 vendidos,4.5/5.0 (93),https://www.alibaba.com/product-detail/Dry-Fit-100-Polyester-T-Shirt_1601104579141.html?selectedCarrierCode=SEMI_MANAGED_STANDARD@@STANDARD
1,Venta al por mayor personalizado bordado logotipo Polo camiseta hombres personalizado impreso liso Golf Polo 100% algodón camiseta para Unisex,2.29,5.59,3.94,N/A,"Yiwu Superyou Trading Co., Ltd.",1.077 vendidos,4.8/5.0 (634),https://www.alibaba.com/product-detail/Wholesale-Custom-Embroidery-logo-Polo-t_1600293004612.html
1,"Polo de talla grande para hombre, camisa 100% de algodón, personalizado, con logotipo bordado, alta calidad",4.04,4.04,4.04,N/A,"Fujian Auplex Appliance Co., Ltd.",99 vendidos,4.7/5.0 (217),https://www.alibaba.com/product-detail/High-Quality-Plus-Size-100-Cotton_62469772926.html
1,"Polos de piqué de algodón 100% en stock de alta calidad, camisetas de talla grande de América, polos de manga corta con bordado 3D para hombre",9.5,9.5,9.5,N/A,"Guangzhou Yisabo Trading Co., Ltd.",74 vendidos,4.4/5.0 (32),https://www.alibaba.com/product-detail/High-Quality-Stock-100-Cotton-Pique_1601043997263.html?selectedCarrierCode=SEMI_MANAGED_PREMIUM@@PREMIUM
1,Venta al por mayor 100% algodón estampado bordado Logo hombres Polo Camisa lisa en blanco Golf Polo camiseta personalizada Polos,0.66,3.4,2.03,N/A,"Zhangjiagang Goldtex International Imp & Exp Co., Ltd.",1.477 vendidos,4.7/5.0 (140),https://www.alibaba.com/product-detail/Wholesale-100-Cotton-Printing-Embroidery-Logo_1601252114925.html
1,Camisetas Polo de algodón suave de alta pureza personalizadas camisetas polo de talla grande antiarrugas para hombre para personal con logotipo,0.9,3.2,2.05,N/A,"Guangzhou Weidanglang Clothing Co., Ltd.",524 vendidos,4.6/5.0 (329),https://www.alibaba.com/product-detail/Custom-High-Purity-Soft-Cotton-Polo_1600739265684.html
1,"2025 nuevos polos de diseñadores Lt 100% de algodón de alta calidad para hombres, polos para hombres, elegantes bordados personalizados",1.0,9.99,5.5,N/A,Yiwu Liaotu E-Commerce Firm,57 vendidos,4.3/5.0 (107),https://www.alibaba.com/product-detail/2025-New-Lt-Designers-Polo-Shirts_1601408165078.html
1,"Polos de algodón Premium para hombre, nueva tendencia a la moda, polos de tela de punto personalizados de talla grande, polos para hombre",1.45,1.74,1.59,N/A,STARFESHO TRADING,No info,4.5/5.0 (4),https://www.alibaba.com/product-detail/Men-s-New-Fashion-Trend-Premium_10000026575110.html
1,"Polo de ajuste seco por sublimación, camisetas de Golf personalizadas con logotipo bordado de algodón y poliéster 100%, venta al por mayor",2.1,3.8,2.95,N/A,"Guangxi Guiping Lidong Sports Goods Co., Ltd.",503 vendidos,4.3/5.0 (59),https://www.alibaba.com/product-detail/Sublimation-Dry-Fit-Polo-Shirt-Wholesale_1600800912483.html
1,"Polo de algodón 100% para hombre, camisa con estampado de uniforme bordado, Polo de Golf informal liso en blanco, logotipo personalizado, venta al por mayor",0.53,2.86,1.69,N/A,"Guangzhou Yueyue Wang Clothing Co., Ltd.",4.917 vendidos,4.8/5.0 (215),https://www.alibaba.com/product-detail/Wholesale-100-Cotton-Men-s-Polo_1600476118576.html
1,Alta calidad 100% algodón 12 colores impresión personalizada bordado OEM logo liso en blanco hombres Polo camiseta Polo,0.56,2.99,1.78,N/A,"Guangzhou Weiyusi Clothing Co., Ltd.",11.766 vendidos,4.7/5.0 (143),https://www.alibaba.com/product-detail/High-Quality-100-Cotton-12-Colors_1600520625171.html
1,"Camisetas Polo de algodón térmico con solapa bordada de gran tamaño con estampado vintage, camiseta de manga larga a rayas de Rugby con botones para hombre",4.26,7.25,5.75,N/A,"Guangzhou Qianshi Trading Co., Ltd.",502 vendidos,4.9/5.0 (494),https://www.alibaba.com/product-detail/Vintage-Print-Oversized-Embroidery-Lapel-Thermal_1601296249550.html
1,Simple Elastik Hombres Gimnasio Slim Fit Polo Camisa Algodón Deporte Polos Alta Calidad,7.3,7.3,7.3,N/A,"Guangzhou Hengdong Sports Goods Co., Ltd.",103 vendidos,4.8/5.0 (131),https://www.alibaba.com/product-detail/Simple-Elastik-Men-Gym-Slim-Fit_1601024869362.html?selectedCarrierCode=SEMI_MANAGED_STANDARD@@STANDARD
1,"Polos para hombre con logotipo bordado personalizado de alta calidad 100% algodón, polos de Ciudad de marca informales, camisetas para el hogar, polos para hombre",12.0,12.0,12.0,N/A,"Xiamen Yuhuoyu Trading Co., Ltd.",2.584 vendidos,4.6/5.0 (69),https://www.alibaba.com/product-detail/Hight-Quality100-Cotton-Custom-Embroidery-Logo_1601273828643.html
1,Alta calidad 100% algodón respetuoso con el medio ambiente Color sólido hombres Polo camiseta hombres Polo Unisex Polo camisetas logotipo personalizado,2.5,2.5,2.5,N/A,"Yiwu Qunshan Clothing Co., Ltd.",55 vendidos,4.8/5.0 (284),https://www.alibaba.com/product-detail/High-Quality-100-Environmentally-Friendly-Cotton_1601162968191.html?selectedCarrierCode=SEMI_MANAGED_STANDARD@@STANDARD
1,"Camisetas Polo de algodón suave de alta pureza personalizadas, camisetas polo de talla grande antiarrugas para hombre para personal con logotipo",4.9,4.9,4.9,N/A,"Number One Industrial Co., Ltd.",26 vendidos,4.6/5.0 (19),https://www.alibaba.com/product-detail/Custom-High-Purity-Soft-Cotton-Polo_1601377632609.html?selectedCarrierCode=SEMI_MANAGED_STANDARD@@STANDARD
1,Verano de alta calidad tendencia moda Casual deportivo poliéster algodón bordado Caballero polos,3.98,3.98,3.98,N/A,"Nanchang Nuoyuanda Technology Co., Ltd.",30 vendidos,3.7/5.0 (576),https://www.alibaba.com/product-detail/Summer-High-Quality-Trending-Fashion-Casual_1601356526454.html?selectedCarrierCode=SEMI_MANAGED_STANDARD@@STANDARD
1,Ustom-lancha de 100% grados para el hogar,6.96,7.99,7.47,N/A,"Dongguan Ruijie Garments Co., Ltd.",1.648 vendidos,5.0/5.0 (1),https://www.alibaba.com/product-detail/Custom-Short-Sleeve-100-Cotton-Polo_1600864085897.html
1,"Uniforme de empresa de alta calidad, camiseta Polo de algodón y poliéster de 200gsm para hombre, camiseta Polo con logotipo bordado personalizado para hombre, camisetas Polo de Golf",3.19,3.19,3.19,N/A,"Yiwu Sunrich Clothing Co ., Ltd.",1.357 vendidos,4.8/5.0 (140),https://www.alibaba.com/product-detail/High-Quality-Company-Uniform-200gsm-Polyester_1600466685682.html?selectedCarrierCode=SEMI_MANAGED_STANDARD@@STANDARD
1,"Camisetas Polo deportivas con estampado de algodón y poliéster personalizadas, camisetas de golf de manga corta con logotipo personalizado, Polo bordado de punto para hombre",7.89,7.89,7.89,N/A,"Guangzhou Chengyu Clothing Co., Ltd.",240 vendidos,5.0/5.0 (31),https://www.alibaba.com/product-detail/Custom-Cotton-and-Polyester-Print-Sport_1601041495225.html
1,Fabricantes de ropa de golf Logotipo personalizado Polo de piqué Tela de malla de algodón Transpirable Hombres Camisetas de golf Poloshirts,3.9,7.89,5.89,N/A,"Guangzhou Joyord Sportswear Co., Ltd.",673 vendidos,4.9/5.0 (29),https://www.alibaba.com/product-detail/Golf-Apparel-Manufacturers-Customized-logo-Pique_1600886346365.html
1,2025 venta al por mayor de alta calidad deportes ocio Golf 100% algodón transpirable verano Bur Berry manga corta polo,9.9,24.9,17.4,N/A,Quanzhou Fengze District Bibi Department Store (individual Business),2 vendidos,4.6/5.0 (32),https://www.alibaba.com/product-detail/2025-Wholesale-high-quality-Men-s_1601404113159.html
1,Marca 60% Cool seda algodón manga corta Polo camiseta logotipo bordado personalizado liso para hombres camiseta en blanco Polo camisa,3.71,3.71,3.71,N/A,"Shanghai Touchhealthy Biotechnology Co., Ltd.",2.357 vendidos,4.8/5.0 (114),https://www.alibaba.com/product-detail/Brand-60-Cool-Silk-Cotton-Short_1600850782961.html
1,Precio barato algodón personalizado Polo camisa de poliéster de alta calidad Polo camisetas para hombres,1.5,5.6,3.55,N/A,"Yiwu Goodlin Garment Co., Ltd.",21 vendidos,4.6/5.0 (69),https://www.alibaba.com/product-detail/Cheap-Price-Cotton-Customized-Polo-Shirt_1600094927131.html
1,Polo sólido informal de verano transpirable de 100% gramos de manga corta de alta calidad de algodón 250 personalizado para hombre,8.57,8.93,8.75,N/A,"Quanzhou Haixin Garment Technology Co., Ltd.",202 vendidos,4.5/5.0 (247),https://www.alibaba.com/product-detail/Men-s-Custom-100-Cotton-High_1601217267959.html
1,"Polos personalizados con bordado al por mayor, Camiseta de algodón 100, Polo de golf, polos lisos en blanco para hombre",2.79,3.97,3.38,N/A,"Yiwu D-Create Clothing Co., Ltd.",518 vendidos,4.8/5.0 (815),https://www.alibaba.com/product-detail/Wholesale-Embroidery-Custom-Polo-Shirts-100_1600560285259.html
1,TONGYANG Polo de algodón puro para hombre Paul's Little Horse Color sólido bordado manga corta Polo camiseta Casual Golf camiseta,10.9,10.9,10.9,N/A,"Hunan Tongyang Garment Co., Ltd.",22 vendidos,4.6/5.0 (145),https://www.alibaba.com/product-detail/TONGYANG-Men-s-Pure-Cotton-Paul_1601420831264.html
1,Polo a rayas de algodón 100% al por mayor para niños de 1 a 14 años nueva ropa boutique informal con función de secado rápido,0.22,1.22,0.72,N/A,"Guangzhou Tio International Trade Co., Ltd.",No info,No rating,https://www.alibaba.com/product-detail/Wholesale-100-Cotton-Striped-Polo-Shirt_1601359290012.html
1,Venta al por mayor de nuevas camisetas de algodón de manga corta de los hombres Polo camisa de solapa de ocio de color sólido de moda bordado Polo-camisa para los hombres,7.5,8.98,8.24,N/A,"Changsha Yuxi Trading Co., Ltd.",95 vendidos,4.6/5.0 (244),https://www.alibaba.com/product-detail/Wholesale-New-Cotton-Tops-Short-Sleeve_1601322913582.html
1,Alta calidad 100% algodón gota hombro solapa y peso pesado polos unisex con logotipo personalizado,6.8,6.8,6.8,N/A,"Yiwu Mixin Clothing Co., Ltd.",20 vendidos,4.4/5.0 (258),https://www.alibaba.com/product-detail/High-Quality-100-Cotton-Drop-Shoulder_1601242339866.html
1,"Polo de hombre con logotipo bordado estampado de algodón al por mayor de alta calidad, camiseta Polo de Golf en blanco liso, polos personalizados",3.42,3.42,3.42,N/A,"Hangzhou Conyson Garments Co., Ltd.",1 vendido,4.5/5.0 (208),https://www.alibaba.com/product-detail/High-Quality-Wholesale-Cotton-Printing-Embroidery_1601384196958.html?selectedCarrierCode=SEMI_MANAGED_STANDARD@@STANDARD
1,Camiseta Polo profesional de algodón piqué 100%,7.2,7.2,7.2,N/A,"Guangzhou Aiheng Garment Co., Ltd.",493 vendidos,4.9/5.0 (14),https://www.alibaba.com/product-detail/Professional-100-Pique-Cotton-Polo-T_535960044.html
1,"Polo de golf liso al por mayor, camisetas polo de algodón de talla grande con impresión de logotipo personalizado para hombre",0.8,2.8,1.8,N/A,"Fuzhou Shengshi Ruichuang Industry And Trade Co., Ltd.",80 vendidos,4.8/5.0 (462),https://www.alibaba.com/product-detail/Wholesale-Plain-Polo-Golf-Shirts-Custom_62496194679.html
1,Venta al por mayor OEM algodón Golf Polo camisa en blanco bordado de alta calidad personalizado Polos de los hombres,3.98,3.98,3.98,N/A,"Fuzhou Yinqu Clothing Co., Ltd.",No info,4.6/5.0 (141),https://www.alibaba.com/product-detail/Wholesale-OEM-Cotton-Golf-Polo-Shirt_1600991271773.html
1,100% algodón de algodón peinado de alta calidad para hombre Polo Azul Marino,3.5,3.5,3.5,N/A,NISAR SONS INDUSTRY,No info,4.6/5.0 (1),https://www.alibaba.com/product-detail/100-Cotton-High-Quality-Combed-Cotton_11000018266114.html
1,Bordado estampado liso algodón poliéster Spandex secado rápido transpirable deporte Golf corporativo hombres uniformes trabajo Polo camisa,2.1,3.82,2.96,N/A,"Shanghai Top Fortune Industry Co., Ltd.",36.604 vendidos,5.0/5.0 (2),https://www.alibaba.com/product-detail/Embroidery-Printing-Plain-Cotton-Polyester-Spandex_60858743212.html
1,Personalizado bordado Rugby Jersey Polos Rhinestone 100% algodón manga larga Boxy Fit recortado de punto a rayas Polo para hombres,8.7,12.7,10.7,N/A,"Dongguan Kuanzhai Clothing Co., Ltd.",186 vendidos,4.9/5.0 (72),https://www.alibaba.com/product-detail/Custom-Embroidery-Rugby-Jersey-Polos-Rhinestone_1601277223036.html
1,"Polo de Golf, Camiseta 100% de algodón, transpirable, a la moda, venta al por mayor",1.98,2.55,2.26,N/A,PIONEER TEXTILE AND GARMENT COMPANY LIMITED,No info,4.4/5.0 (5),https://www.alibaba.com/product-detail/Wholesale-Fashionable-Breathable-Blank-Golf-Polo_10000002275822.html
1,200gsm 100% Heavy Cotton Polos Manga Corta Verano Personalizado Bordado Impreso Camiseta Hombre Polo Shirt,3.68,4.42,4.05,N/A,"Yiwu Qianying Import And Export Co., Ltd.",2 vendidos,4.8/5.0 (217),https://www.alibaba.com/product-detail/200gsm-100-Heavy-Cotton-Polo-Shirts_1601052881140.html?selectedCarrierCode=SEMI_MANAGED_PREMIUM@@PREMIUM
1,"Polos de ajuste personalizado azul marino para hombre, polos informales de verano de manga corta con Cuello clásico de tela de algodón",8.49,10.59,9.54,N/A,LUUK INTERNATIONAL,No info,No rating,https://www.alibaba.com/product-detail/Navy-Blue-Custom-Fit-Polo-Shirts_10000027643016.html
2,"Polo de algodón de manga corta de color sólido que combina con todo para hombre, Popelina de punto informal, hilo teñido de un solo pecho para verano",18.0,18.0,18.0,N/A,"Yige Fashion (xiamen) Trading Co., Ltd.",9 vendidos,4.3/5.0 (61),https://www.alibaba.com/product-detail/Men-s-All-Match-Solid-Color_1601364485443.html
2,Diseñadores Polos 100% Algodón Polos de alta calidad para hombres Elegantes bordados personalizados,19.0,22.0,20.5,N/A,"Xiamen Saiwei Shidai Network Technology Co., Ltd",19 vendidos,4.5/5.0 (208),https://www.alibaba.com/product-detail/Designers-Polo-Shirts-100-Cotton-High_1601173591436.html
2,LMT2173 Polo Fabricante Venta al por mayor Personalizado Muchos colores 230 Gsm 100% Camisetas de polo de algodón Tallas grandes Polos de hombre,8.6,8.6,8.6,N/A,"Guangzhou Laite Textile Technology Co., Ltd.",1 vendido,4.7/5.0 (65),https://www.alibaba.com/product-detail/LMT2173-Polo-Manufacturer-Wholesale-Custom-Many_1601381664640.html
2,"Polo de algodón 65% polivinílico 35% al por mayor para hombre, Polo blanco liso de alta calidad, Polo de golf bordado de manga corta personalizado",1.8,1.8,1.8,N/A,"Jiangxi Guangshan Clothing Co., Ltd",1 vendido,4.2/5.0 (18),https://www.alibaba.com/product-detail/Wholesale-65-Poly-35-Cotton-Polo_1601062884213.html
2,Polo de algodón 100% cómodo de alta calidad al por mayor bordado impreso personalizado y logotipo impreso camisas de polo de hombre en blanco,4.99,6.89,5.94,N/A,"Yiwu Mbapei Garments Co., Ltd.",No info,No rating,https://www.alibaba.com/product-detail/Wholesale-High-Quality-Comfortable-100-Cotton_1601425400479.html
2,Venta al por mayor de algodón de seda bordado Logo Polos de alta calidad llano Golf Polo camisetas personalizadas Polos,1.75,3.65,2.7,N/A,"Yiwu Joyee Clothing Co., Ltd,",104 vendidos,4.7/5.0 (78),https://www.alibaba.com/product-detail/Wholesale-Silk-Cotton-Embroidery-Logo-Polo_1601163571018.html
2,"POLO de algodón para hombre, camiseta de manga corta, Tops de Golf de negocios, camiseta informal con botón de solapa, novedad de verano",7.5,7.5,7.5,N/A,"Shenzhen Ou Fashion Imp. & Exp. Co., Ltd.",1 vendido,4.3/5.0 (2179),https://www.alibaba.com/product-detail/New-Fashion-Summer-Men-Cotton-POLO_1600237779530.html
2,Polos para hombre Camisa Lisa personalizada 100% Algodón Hombres Liso Mejor calidad Ropa informal Polo Polos de alta calidad.,3.15,9.9,6.53,N/A,"Xiamen Yangyuanhuang E-Commerce Co., Ltd.",29 vendidos,4.6/5.0 (84),https://www.alibaba.com/product-detail/Mens-Polo-Shirts-Custom-Plain-Shirt_1601392677223.html
2,100% algodón hombres en blanco Golf Polo camisetas bordado Logo liso manga corta Casual Polos,8.79,8.79,8.79,N/A,"Yiwu 90 Clothing Co., Ltd.",7 vendidos,4.7/5.0 (781),https://www.alibaba.com/product-detail/100-Cotton-Men-s-Blank-Golf_1601094240347.html
2,"Polo de poliéster para hombre, camiseta de manga corta con diseño personalizado",3.0,5.0,4.0,N/A,REMODO INTERNATIONAL,No info,No rating,https://www.alibaba.com/product-detail/100-Cotton-Original-Polo-T-shirt_10000002733042.html
2,"Novedad de verano, manga corta de algodón que combina con todo para hombre, para Polo, sólido, de talla grande, ajuste juvenil, tejido antibolitas, 100% algodón extranjero",3.09,3.99,3.54,N/A,"Fuzhou Zhongchang Trading Co., Ltd.",5 vendidos,No rating,https://www.alibaba.com/product-detail/Summer-New-Men-s-All-Match_1601392317327.html
2,Polo cuello Golf hombres 100% algodón grueso calidad Homme Polo camiseta,2.5,4.5,3.5,N/A,"Shijiazhuang Taige Import & Export Trading Co., Ltd.",3 vendidos,4.8/5.0 (164),https://www.alibaba.com/product-detail/Polo-Neck-Golf-Men-100-Cotton_1600530488138.html
2,"Polos Unisex de algodón 100%, polos transpirables a la moda, fabricante de polos, Color sólido de alta calidad para hombre, informales en blanco",2.87,3.47,3.17,N/A,"Fuzhou Firebird Sporting Goods Co., Ltd.",2 vendidos,4.9/5.0 (91),https://www.alibaba.com/product-detail/100-Cotton-Unisex-Polo-Shirts-Breathable_1600676672485.html
2,Nuevo diseño de alta calidad de los hombres 100% algodón pima Polo camisa con logotipo personalizado para la venta al por mayor,6.53,6.53,6.53,N/A,"Yiwu Shirts Kingdom Clothing Co., Ltd.",76 vendidos,4.6/5.0 (141),https://www.alibaba.com/product-detail/New-Design-High-Quality-Men-s_62479119100.html
2,Diseño personalizado de fábrica Polo a rayas para hombre 100% algodón Oem Service Polo T Shirt con logotipo personalizado,4.39,4.39,4.39,N/A,"Zhengzhou Yingsa Clothing Co., Ltd.",1 vendido,4.8/5.0 (154),https://www.alibaba.com/product-detail/Factory-Custom-Design-Striped-Men-s_1601097579992.html
2,"Polo de algodón ODM para hombre, novedad de verano, Top de manga corta de media manga, solapa bordada, talla grande, combina con todo, con cuentas, Comercio Exterior",4.0,4.0,4.0,N/A,Jieyang Jiedong District Xichang Town Jinlin Clothing Factory,2 vendidos,3.5/5.0 (20),https://www.alibaba.com/product-detail/Men-s-ODM-Cotton-Polo-Shirt_1601279850411.html?selectedCarrierCode=SEMI_MANAGED_STANDARD@@STANDARD
2,"Ropa de calle de peso pesado en blanco, de buena calidad Polo, camisetas de Polo de algodón y poliéster para hombre, Camisa de algodón de manga corta",2.22,4.12,3.17,N/A,"Guangdong Chengxin Garments Co., Ltd.",884 vendidos,4.6/5.0 (57),https://www.alibaba.com/product-detail/Blank-Heavyweight-Streetwear-Good-Quality-Polo_1600626937543.html
2,Logotipo bordado personalizado de manga larga al por mayor de algodón a rayas Rugby Polo camisetas de manga larga para hombres,3.5,13.56,8.53,N/A,"Zhongshan Hayme Clothing Co., Ltd.",1.207 vendidos,4.8/5.0 (132),https://www.alibaba.com/product-detail/Custom-Embroidery-Logo-Long-Sleeve-Wholesale_1601208183479.html
2,De los hombres 100% algodón Slim largo camisas de Polo de alta calidad camisas,5.0,10.0,7.5,N/A,"Jiangxi Well Fitting Clothing Co., Ltd.",1 vendido,4.6/5.0 (9),https://www.alibaba.com/product-detail/Custom-Men-100-Cotton-Slim-Long_1600149462477.html
2,Alta calidad 100% algodón 12 colores impresión personalizada bordado OEM logo liso en blanco hombres Polo camiseta Polo,4.9,4.9,4.9,N/A,"Suzhou Richmond Textile Co., Ltd.",1 vendido,4.2/5.0 (219),https://www.alibaba.com/product-detail/High-Quality-100-Cotton-12-Colors_60816393510.html?selectedCarrierCode=SEMI_MANAGED_STANDARD@@STANDARD
2,Venta al por mayor de algodón Polo Golf Camisas Logotipo Personalizado Bordado Hombres Polos,6.9,6.9,6.9,N/A,Guangzhou Tianhe District Sha Dong Power Jia Clothing Store,22 vendidos,4.6/5.0 (83),https://www.alibaba.com/product-detail/Wholesale-Cotton-Polo-Golf-Shirts-Custom_1601190950196.html
2,Nuevo stock de fábrica al por mayor 180 g algodón mercerizado solapa Polo niños camisetas y polos baratos personalizados Polo camisa,2.0,2.0,2.0,N/A,"Guangzhou Zhishangying Sportswear Co., Ltd.",98 vendidos,4.8/5.0 (30),https://www.alibaba.com/product-detail/New-Stock-Arrival-Factory-Wholesale-180_1600696677498.html
2,Men's Polo Shirt Spring Autumn Polos Casual Fashion Cotton Solid Color Turn Down Long Sleeve Top Men Plus Size 4XL 5XL Brand New,5.6,5.9,5.75,N/A,top blink international,No info,No rating,https://www.alibaba.com/product-detail/Men-s-Polo-Shirt-Spring-Autumn_10000002715892.html
2,Gran oferta 100% algodón Polo 220GSM Polo para hombres Color sólido hombres ropa,9.9,9.9,9.9,N/A,"Jiangxi Zhilin Imp&Exp Co., Ltd.",230 vendidos,5.0/5.0 (7),https://www.alibaba.com/product-detail/Hot-Sale-100-Cotton-Polo-Shirt_1600484117207.html
2,Casual Plain Black Golf Hombres Polo Camisetas 100% Algodón Bordado Polo Camisetas Logotipo Personalizado,7.77,9.56,8.66,N/A,"Dongguan Betteractive Fashion Co., Ltd.",563 vendidos,4.9/5.0 (109),https://www.alibaba.com/product-detail/Casual-Plain-Black-Golf-Men-Polo_1600211413335.html
2,Nuevo polo de verano informal Camiseta de manga corta para hombre Polo de algodón para hombre,14.5,14.5,14.5,N/A,Foshan Shangxi Trade Ltd,1 vendido,4.1/5.0 (558),https://www.alibaba.com/product-detail/Casual-New-Summer-Polo-Shirt-Men_1600979868880.html
2,"Nuevo Polo estampado para hombre, camisetas polo de algodón en blanco para hombre, polos informales de manga corta lisos bordados",3.0,3.0,3.0,N/A,"Fuzhou Senli Youpin Import And Export Co., Ltd.",26 vendidos,4.1/5.0 (148),https://www.alibaba.com/product-detail/New-Men-s-Printed-Polo-Shirt_1601232431141.html
2,"Polo informal de mezcla de algodón para hombre, camisa de negocios transpirable de manga larga ajustada, teñida de hilo de Otoño de gran tamaño para primavera Cs33",3.8,3.8,3.8,N/A,Hangzhou Shangcheng District Zhu Qingyang Clothing Shop,No info,4.2/5.0 (68),https://www.alibaba.com/product-detail/Men-s-Casual-Cotton-Blend-Polo_1601388993750.html?selectedCarrierCode=SEMI_MANAGED_STANDARD@@STANDARD
2,Venta caliente Popular 250gms 100% algodón Polo camiseta de gran tamaño Drop Shoulder Blank personalizado bordado Logo Polo camiseta,6.93,6.93,6.93,N/A,"Yiwu Qianying Import And Export Co., Ltd.",55 vendidos,4.8/5.0 (217),https://www.alibaba.com/product-detail/Hot-Selling-Popular-250gms-100-Cotton_1601283394033.html?selectedCarrierCode=SEMI_MANAGED_STANDARD@@STANDARD
2,Camisetas Polo Personalizadas Unisex Liso 100% Algodón Venta Al por Mayor Camisetas de Manga Corta Polo de Hombre en Blanco,2.65,2.65,2.65,N/A,"Jiangxi Anka Clothing Co., Ltd.",502 vendidos,4.7/5.0 (41),https://www.alibaba.com/product-detail/Custom-Polo-T-Shirts-Unisex-Plain_1600862263908.html
2,"Polos de diseñador 2024, polos de algodón de alta calidad para hombre, polos para mujer, elegantes bordados personalizados",6.0,6.0,6.0,N/A,"Market Union Co., Ltd.",No info,4.7/5.0 (5),https://www.alibaba.com/product-detail/2024-Designers-Polo-Shirts-Cotton-High_1601182045432.html
2,"Polo personalizado de 200g de algodón y poliéster para hombre, Polo de Golf de manga corta transpirable de secado rápido informal liso en blanco para mujer 2320",4.9,7.2,6.05,N/A,"Shenzhen Emossiri Sportswear Co., Ltd.",No info,4.8/5.0 (20),https://www.alibaba.com/product-detail/Custom-200g-Cotton-Polyester-Polo-Shirt_1601162117812.html
2,"Camiseta Polo de punto de algodón 100% para hombre, venta al por mayor, ropa de diseño personalizado, camiseta Polo de Golf, verano 2024",4.28,4.28,4.28,N/A,"Yiwu Yi Yi Clothing Co., Ltd.",4 vendidos,4.8/5.0 (303),https://www.alibaba.com/product-detail/100-Cotton-Knitted-Men-s-Polo_1601026938072.html?selectedCarrierCode=SEMI_MANAGED_STANDARD@@STANDARD
2,"Polo de secado rápido de algodón y poliéster con estampado bordado al por mayor, Polo de trabajo para hombre de empresa de golf deportivo transpirable personalizado",8.0,9.5,8.75,N/A,"Shishi Xuxunlan Trading Import and Export Co., Ltd",No info,No rating,https://www.alibaba.com/product-detail/Wholesale-Embroidered-Printed-Cotton-Polyester-Quick_1601432093171.html
2,"Polo de piqué 2022 algodón, camisetas de talla grande, polo bordado",10.4,10.4,10.4,N/A,"Guangzhou Ali Clothing Trading Co., Ltd.",17 vendidos,4.1/5.0 (24),https://www.alibaba.com/product-detail/2022-Cotton-Pique-Polo-Shirt-Plus_1600381990398.html?selectedCarrierCode=SEMI_MANAGED_STANDARD@@STANDARD
2,Personalizado de alta calidad de impresión bordada 100 algodón Golf Polo hombres deportes camisas Logo Casual Polo camiseta,6.18,6.18,6.18,N/A,"Xiamen Starsky Industry Co., Ltd.",3 vendidos,4.4/5.0 (34),https://www.alibaba.com/product-detail/Custom-High-Quality-Printing-Embroidered-100_1601401952664.html?selectedCarrierCode=SEMI_MANAGED_STANDARD@@STANDARD
2,"Polos de algodón de alta calidad para hombres, nuevo estilo, transpirable y cómodo, ajuste holgado, manga corta, venta al por mayor de fábrica",6.5,9.5,8.0,N/A,RINEX SPORTS,No info,4.8/5.0 (5),https://www.alibaba.com/product-detail/High-Quality-Men-s-Cotton-Polo_10000020909342.html
2,"Polo de algodón transpirable cómodo para hombre, camiseta informal de negocios con diseño de solapa bordada Ralph de algodón 100% ajustada",17.9,17.9,17.9,N/A,Yiwu City Duling E-Commerce Firm,No info,5.0/5.0 (3),https://www.alibaba.com/product-detail/Men-s-Comfortable-Breathable-Cotton-Polo_1601389759600.html
2,"Polo de negocios de algodón 100% para hombre, estampado de tela personalizado con patrón sólido para verano, estilo informal de talla grande, hecho en Pakistán",5.45,6.85,6.15,N/A,SHAMARK INDUSTRIES,No info,No rating,https://www.alibaba.com/product-detail/Men-s-100-Cotton-Business-Polo_10000024906804.html
2,Venta al por mayor de alta calidad 100% algodón hueco Cuello Blanco Polo Unisex Casual POLO camisa logotipo personalizado hombres camiseta,8.98,8.98,8.98,N/A,"Shishi Fuxiliman Clothing Trade Co., Ltd.",No info,5.0/5.0 (10),https://www.alibaba.com/product-detail/Wholesale-High-quality-100-Cotton-Hollow_1600881065791.html
2,"Polos de algodón personalizados de nueva moda, camisetas con bordado en negro y azul marino, camiseta Polo para hombre",0.9,3.6,2.25,N/A,"Guangzhou Weiyusi Clothing Co., Ltd.",164 vendidos,4.7/5.0 (143),https://www.alibaba.com/product-detail/New-Fashion-Custom-Cotton-Polo-Shirts_1600425476657.html
2,Camisa POLO de algodón Moda Casual Hombres Color sólido Manga corta para hombres,9.29,9.29,9.29,N/A,"Qingdao Cheng Pin Tong Trading Co., Ltd.",3 vendidos,4.3/5.0 (238),https://www.alibaba.com/product-detail/Cotton-POLO-Shirt-Fashion-Casual-Men_1600732591879.html
2,"Cómodo algodón 100% para hombre, camisa POLO, estilo informal de negocios, solapa bordada, sólido, antibolitas, transpirable, de punto Delgado",7.75,8.94,8.34,N/A,"Xiamen Jiabailie Trading Co., Ltd.",No info,4.3/5.0 (28),https://www.alibaba.com/product-detail/Men-s-Comfortable-100-Cotton-for_1601399482542.html
2,Camisetas Polo de algodón suave de alta pureza personalizadas camisetas polo de talla grande antiarrugas para hombre para personal con logotipo,3.2,3.2,3.2,N/A,"Guangzhou Mingweng Clothing Co., Ltd.",102 vendidos,4.9/5.0 (46),https://www.alibaba.com/product-detail/Custom-High-Purity-Soft-Cotton-Polo_1601242243393.html
2,"Polo de hombre de alta calidad superventas, camisetas de golf formales con logotipo personalizado en blanco, Polo de talla grande de algodón 100%",7.61,9.24,8.43,N/A,RICH SOUL INTERNATIONAL LIMITED,2 vendidos,4.8/5.0 (2),https://www.alibaba.com/product-detail/Best-selling-High-Quality-Men-s_1601408653379.html
2,Personalizado al por mayor 2023 100% algodón uniformes Polo Golf manga corta Camiseta hombres verano camisas para hombres de negocios 899,10.0,10.0,10.0,N/A,"Shishi Lanqidun Clothing Co., Ltd.",27 vendidos,4.7/5.0 (43),https://www.alibaba.com/product-detail/Custom-Wholesale-2023-100-Cotton-Uniforms_1600944154506.html?selectedCarrierCode=SEMI_MANAGED_STANDARD@@STANDARD
2,Polos para hombre Polo de manga de algodón Polo de negocios Casual bordado de talla grande Anti-Pilling polos personalizados varios colores,3.9,4.9,4.4,N/A,"Kunshan Krell Cultural Development Co., Ltd.",No info,4.9/5.0 (79),https://www.alibaba.com/product-detail/Polo-Shirts-for-Men-Cotton-Sleeve_1601288765085.html
2,"Polos de punto de seda cómodos informales Premium para hombre, moda de lujo, hermoso cuello tejido, mezcla perfecta de algodón teñido liso",10.8,10.8,10.8,N/A,"Quanzhou Xinghuaman Clothing Co., Ltd.",No info,4.0/5.0 (9),https://www.alibaba.com/product-detail/Silk-Knit-Comfortable-Casual-Premium-Men_1601126962696.html
3,2025 Logo BUR moda negocios 100% algodón Polo camiseta para hombres Vintage Slim Berry Casual estampado Golf Polo camisa para deportes,24.9,24.9,24.9,N/A,Yiwu City Chain Qi E-Commerce Firm ( Individual Business),67 vendidos,4.6/5.0 (4),https://www.alibaba.com/product-detail/2025-Logo-BUR-Fashion-Business-100_1601390493809.html
3,Venta al por mayor 100% algodón estampado bordado Logo hombres Polo Camisa lisa en blanco Golf Polo camiseta personalizada Polos,0.66,3.4,2.03,N/A,"Zhangjiagang Goldtex International Imp & Exp Co., Ltd.",1.477 vendidos,4.7/5.0 (140),https://www.alibaba.com/product-detail/Wholesale-100-Cotton-Printing-Embroidery-Logo_1601252114925.html
3,"Polo de ajuste seco por sublimación, camisetas de Golf personalizadas con logotipo bordado de algodón y poliéster 100%, venta al por mayor",2.1,3.8,2.95,N/A,"Guangxi Guiping Lidong Sports Goods Co., Ltd.",503 vendidos,4.3/5.0 (59),https://www.alibaba.com/product-detail/Sublimation-Dry-Fit-Polo-Shirt-Wholesale_1600800912483.html
3,Alta calidad 100% algodón 12 colores impresión personalizada bordado OEM logo liso en blanco hombres Polo camiseta Polo,0.56,2.99,1.78,N/A,"Guangzhou Weiyusi Clothing Co., Ltd.",11.765 vendidos,4.7/5.0 (143),https://www.alibaba.com/product-detail/High-Quality-100-Cotton-12-Colors_1600520625171.html
3,Alta calidad 100% algodón respetuoso con el medio ambiente Color sólido hombres Polo camiseta hombres Polo Unisex Polo camisetas logotipo personalizado,2.5,2.5,2.5,N/A,"Yiwu Qunshan Clothing Co., Ltd.",53 vendidos,4.8/5.0 (284),https://www.alibaba.com/product-detail/High-Quality-100-Environmentally-Friendly-Cotton_1601162968191.html?selectedCarrierCode=SEMI_MANAGED_STANDARD@@STANDARD
3,Ustom-lancha de 100% grados para el hogar,6.96,7.99,7.47,N/A,"Dongguan Ruijie Garments Co., Ltd.",1.648 vendidos,5.0/5.0 (1),https://www.alibaba.com/product-detail/Custom-Short-Sleeve-100-Cotton-Polo_1600864085897.html
3,Polo a rayas de algodón 100% al por mayor para niños de 1 a 14 años nueva ropa boutique informal con función de secado rápido,0.22,1.22,0.72,N/A,"Guangzhou Tio International Trade Co., Ltd.",No info,No rating,https://www.alibaba.com/product-detail/Wholesale-100-Cotton-Striped-Polo-Shirt_1601359290012.html
3,200gsm 100% Heavy Cotton Polos Manga Corta Verano Personalizado Bordado Impreso Camiseta Hombre Polo Shirt,3.68,4.42,4.05,N/A,"Yiwu Qianying Import And Export Co., Ltd.",2 vendidos,4.8/5.0 (217),https://www.alibaba.com/product-detail/200gsm-100-Heavy-Cotton-Polo-Shirts_1601052881140.html?selectedCarrierCode=SEMI_MANAGED_PREMIUM@@PREMIUM
3,"Polo de punto para hombre, Camiseta deportiva de alta calidad, Polo de algodón",6.2,6.2,6.2,N/A,"Fujian Yuxiang Yifeng Clothing Co., Ltd.",72 vendidos,4.8/5.0 (40),https://www.alibaba.com/product-detail/Popular-Knit-Golf-Polo-T-Shirt_1600757723913.html?selectedCarrierCode=SEMI_MANAGED_STANDARD@@STANDARD
3,"Gran fábrica, venta al por mayor, POLO de manga corta con solapa, logotipo personalizado, POLO de algodón de alta calidad",7.9,7.9,7.9,N/A,"Nanchang Finery Clothing Co., Ltd.",20 vendidos,4.7/5.0 (269),https://www.alibaba.com/product-detail/Big-Factory-Wholesale-Lapel-Short-sleeved_1601417482184.html
3,"Polo de verano de alta calidad para hombre, Unisex, personalizado, multiestilo, corto, informal, de secado rápido, bordado, algodón sólido, poliéster, seda",2.23,2.23,2.23,N/A,Dongguan Chang'an Zhuoyue Clothing Factory(Individual Business),100 vendidos,2.7/5.0 (87),https://www.alibaba.com/product-detail/High-Quality-Summer-Polo-Shirt-Men_1601099354524.html
3,"Camiseta Polo de algodón personalizada para hombre, camisetas Polo de manga corta con logotipo personalizado de algodón de ajuste regular, camisetas de algodón 100% Polo sólido para hombre",6.29,6.29,6.29,N/A,"Yiwu Purrrdy Garment Co., Ltd.",135 vendidos,4.4/5.0 (142),https://www.alibaba.com/product-detail/Custom-COTTON-Men-s-Polo-T_1600225275273.html?selectedCarrierCode=SEMI_MANAGED_PREMIUM@@PREMIUM
3,Venta al por mayor de algodón de seda bordado Logo Polos de alta calidad llano Golf Polo camisetas personalizadas Polos,3.95,3.95,3.95,N/A,"Guangzhou Kalali Trading Co., Ltd.",22 vendidos,4.9/5.0 (20),https://www.alibaba.com/product-detail/Wholesale-Silk-Cotton-Embroidery-Logo-Polo_1601041795879.html
3,"Polo informal de manga corta a rayas para hombre, Camiseta clásica de verano de algodón transpirable de lujo para Fitness, Golf, Polo para hombre",3.33,3.33,3.33,N/A,"Guangzhou Jinshi Clothing Co., Ltd.",2 vendidos,No rating,https://www.alibaba.com/product-detail/Men-s-Casual-Striped-Short-Sleeve_1601414653092.html
3,"Polo básico de algodón y poliéster de secado rápido para verano, Polo Kaos",3.88,3.88,3.88,N/A,"Guangzhou Kroad Clothing Co., Ltd.",259 vendidos,4.7/5.0 (106),https://www.alibaba.com/product-detail/In-Stock-Summer-Basic-Quick-Dry_1600070537407.html
3,"Camiseta de golf de talla grande de algodón 100% de manga corta con punto de fábrica de alta calidad para hombre, polo deportivo bordado",11.29,11.29,11.29,N/A,"Wuhan Canglong Lakeside Technology Co., Ltd.",199 vendidos,4.1/5.0 (28),https://www.alibaba.com/product-detail/Men-s-High-Quality-Factory-Spot_1601239250200.html
3,"Polos de algodón bordados personalizados para hombre, informales, de Color sólido, de secado rápido, marca de moda de verano, 220g, polos originales de Golf",3.5,5.3,4.4,N/A,"Shenzhen Emossiri Sportswear Co., Ltd.",127 vendidos,4.8/5.0 (20),https://www.alibaba.com/product-detail/Custom-Embroidery-Cotton-Polo-Shirts-for_1601165480046.html
3,"Polo de algodón orgánico para hombre, Camiseta de piqué suave con logotipo bordado, ropa informal transpirable de alta calidad, 100%",4.2,7.8,6.0,N/A,Gladious Sports,No info,No rating,https://www.alibaba.com/product-detail/100-Organic-Cotton-Men-s-Custom_10000008165581.html
3,"Polos personalizados para hombre, buena calidad, algodón y poliéster, polos personalizados con bolsillo",4.5,4.5,4.5,N/A,"Yiwu Yingxin Garment Co., Ltd",1 vendido,4.7/5.0 (84),https://www.alibaba.com/product-detail/Custom-Men-Polo-T-Shirts-Good_1600831665804.html
3,Venta al por mayor en blanco personalizado logotipo bordado Unisex verano liso de alta calidad de algodón DEPORTE DE NEGOCIOS personalizado hombres polos,1.98,2.98,2.48,N/A,"Guangzhou Mansion Clothing Co., Ltd.",No info,5.0/5.0 (5),https://www.alibaba.com/product-detail/Wholesale-Blank-Customized-Embroidered-Logo-Unisex_1601435105132.html
3,"Polos de algodón liso con logotipo personalizado de alta calidad, éxito de ventas, Polo de golf de poliéster y LICRA, camiseta de golf de alta calidad",3.9,5.9,4.9,N/A,"Hangzhou Oneplus Industrial Co., Ltd.",156 vendidos,4.9/5.0 (38),https://www.alibaba.com/product-detail/High-Quality-Hot-Selling-Custom-Logo_1601062985956.html
3,Goldtex 100 por ciento algodón Polo camiseta hombres Polo Golf camisas,1.75,4.45,3.1,N/A,"Zhangjiagang Goldtex International Imp. & Exp. Co., Ltd.",No info,4.5/5.0 (101),https://www.alibaba.com/product-detail/Goldtex-100-Percent-Cotton-Polo-Shirt_1601165307273.html
3,"Polo personalizado para hombre, Camiseta 100% algodón",10.88,10.88,10.88,N/A,"Guangzhou Healy Apparel Co., Ltd.",100 vendidos,4.8/5.0 (183),https://www.alibaba.com/product-detail/Custom-Men-Polo-t-Shirt-100_1600474315622.html
3,"Polo de manga corta para hombre, informal, ajustado, diseño básico, a rayas, de algodón",9.87,9.87,9.87,N/A,Guangzhou Hengtiao Garment Factory,6 vendidos,4.5/5.0 (10),https://www.alibaba.com/product-detail/Men-s-Polo-Shirt-Short-Sleeve_1600797744813.html
3,"Polos personalizados de algodón orgánico 75% con logotipo bordado, Camiseta de piqué suave de verano, polos de alta calidad para Unisex",9.01,9.01,9.01,N/A,"Guangzhou Overseas Elephant Clothing Co., Ltd.",20 vistas,5.0/5.0 (3),https://www.alibaba.com/product-detail/75-Organic-Cotton-Custom-Polo-Shirts_10000015819195.html?selectedCarrierCode=SEMI_MANAGED_STANDARD@@STANDARD
3,Venta al por mayor 100% algodón hombres polos logotipo personalizado impreso tejido de punto oscuro Jersey 3D bordado estampado cuello OEM/ODM,8.6,8.6,8.6,N/A,Puning Liaoyuan Qianyouzi Garment Processing Factory,3 vendidos,4.3/5.0 (6),https://www.alibaba.com/product-detail/Wholesale-100-Cotton-Men-s-Polo_1601260540720.html?selectedCarrierCode=SEMI_MANAGED_STANDARD@@STANDARD
3,"Polos bordados de fábrica al por mayor, polos de golf de algodón de manga corta para hombre",3.42,3.42,3.42,N/A,"Fuzhou Qi Tian Jia Trading Co., Ltd.",20 vendidos,4.6/5.0 (28),https://www.alibaba.com/product-detail/Factory-Wholesale-Embroidered-Polo-Shirts-Short_1601295914640.html?selectedCarrierCode=SEMI_MANAGED_STANDARD@@STANDARD
3,"Polo con logotipo bordado personalizado, Polo uniforme de empresa de mezcla de algodón polivinílico, Polo de manga corta para hombre",1.41,2.26,1.83,N/A,"Fuzhou Yanying E-Commerce Co., Ltd.",10 vendidos,5.0/5.0 (1),https://www.alibaba.com/product-detail/Custom-Embroidery-Logo-Polo-Shirt-Poly_1601383880471.html
3,Camisetas Polo 100% algodón de alta calidad de talla grande bordado personalizado Polo de punto para hombres,7.73,7.73,7.73,N/A,"Fuzhou Hellojim Trading Co., Ltd.",10 vendidos,4.7/5.0 (105),https://www.alibaba.com/product-detail/Polo-Tshirts-100-Cotton-High-Quality_1600951213430.html
3,"Polo de manga corta con hombros caídos y doble hilo de algodón 100% de 250gsm, Polo transpirable unisex personalizado",5.5,5.5,5.5,N/A,"Shishi Yunyang Technology Co., Ltd.",No info,4.9/5.0 (5),https://www.alibaba.com/product-detail/250gsm-100-Cotton-Heavyweight-Double-yarn_10000025667849.html?selectedCarrierCode=SEMI_MANAGED_PREMIUM@@PREMIUM
3,"Camiseta de algodón y poliéster para hombre, ropa masculina de manga corta, transpirable, de secado rápido, con estampado OEM personalizado, Polo de Golf, venta al por mayor",6.5,6.5,6.5,N/A,"Shenzhen Sunlight Clothing Co., Ltd.",4 vendidos,4.7/5.0 (108),https://www.alibaba.com/product-detail/Wholesale-Cotton-Polyester-Plain-Blank-Casual_1600291053469.html
3,Verano corto bordado Logo 100% algodón camiseta hombre Golf negocios uniforme sólido camiseta para hombres suave Hombre Ropa Polo camisa,4.68,4.68,4.68,N/A,"Zhongshan Hongbeibei Garments Co., Ltd.",40 vendidos,4.7/5.0 (41),https://www.alibaba.com/product-detail/Summer-Short-Embroidered-Logo-100-Cotton_1600917051349.html?selectedCarrierCode=SEMI_MANAGED_STANDARD@@STANDARD
3,2024 hombres de alta calidad para Polos fabricados en fábrica varios estilos 100% algodón antiarrugas patrón sólido,12.0,12.0,12.0,N/A,"Xiamen Shangling Global Trading Co., Ltd.",No info,No rating,https://www.alibaba.com/product-detail/2024-High-Quality-Men-s-for_1601421734123.html
3,"Polo 100% de algodón peinado para niños y niñas, personalizado, Logo, gran oferta",3.48,4.35,3.92,N/A,"Nanchang Triple Crown Imp & Exp Co., Ltd.",1 vendido,4.6/5.0 (131),https://www.alibaba.com/product-detail/Hot-Sale-100-Combed-Cotton-Boys_1600237164877.html
3,"Polos baratos al por mayor, polos personalizados con logotipo bordado, algodón estampado, punto de algodón, talla grande, Polo para hombre",2.54,2.54,2.54,N/A,"Yiwu Manxiu Clothing Co., Ltd.",No info,No rating,https://www.alibaba.com/product-detail/Wholesale-Cheap-Polo-Shirts-Custom-Polo_1601432252411.html
3,"Polo de hombre con logotipo bordado estampado de algodón 100%, Polo de Golf en blanco liso, Polo personalizado",5.53,6.28,5.91,N/A,"Jiangxi Extreme Clothing Co. , Ltd.",No info,1.0/5.0 (1),https://www.alibaba.com/product-detail/100-Cotton-Printed-Embroidered-logo-Men_1601121689038.html
3,"Polo personalizado de algodón de alta calidad de 200g para mujer, camisetas polo con estampado bordado para mujer, camisetas de manga corta para hombre, polo",4.3,6.3,5.3,N/A,"Shenzhen Vpre Sportswear Co., Ltd.",3 vendidos,4.8/5.0 (161),https://www.alibaba.com/product-detail/Custom-Cotton-Polo-Shirt-High-Quality_1601181468123.html
3,Calidad 220 gramos poliéster/algodón liso teñido hombres Polo ligero transpirable de talla grande patrón de logotipo sólido Ajuste de gran tamaño caliente,8.0,8.0,8.0,N/A,DUBBIX INDUSTRIES,No info,5.0/5.0 (1),https://www.alibaba.com/product-detail/Quality-220-Grams-Polyester-Cotton-Plain_10000024115110.html
3,"Camisetas de polo de algodón liso de alta calidad, polos bordados personalizados en blanco",6.9,8.7,7.8,N/A,"Hangzhou Superwhale Technology Co., Ltd.",No info,4.8/5.0 (227),https://www.alibaba.com/product-detail/High-Quality-Plain-Cotton-Polo-T_1601435372770.html
3,"Camisetas Polo informales de algodón para hombre, 100% de algodón con logotipo bordado, cierre de botón, camisetas Polo de manga corta estampadas para hombre",16.5,16.5,16.5,N/A,SAVOW FIGHT WEAR,No info,No rating,https://www.alibaba.com/product-detail/Men-s-Casual-Cotton-Polo-T_10000025764576.html
3,"Polo al por mayor de alta calidad para ropa informal, Camisa de algodón 100%, polos transpirables de talla grande para hombre",1.73,1.73,1.73,N/A,LUXE APPAREL (SMC-PRIVATE) LIMITED,No info,No rating,https://www.alibaba.com/product-detail/Top-Quality-Wholesale-Polo-Shirt-for_10000026303831.html
3,Nueva llegada de la camisa Polo para los hombres de alta calidad Casual Wear cómodo de moda 100% algodón Polo Shirt para los hombres,6.0,7.5,6.75,N/A,SHUMAIL BROTHERS ENTERPRISES,10 vendidos,3.6/5.0 (1),https://www.alibaba.com/product-detail/New-Arrival-Polo-Shirt-for-Men_10000023240037.html
3,"Polos de algodón HY 100%, polos hechos a medida, camiseta de Golf en blanco, logotipo de aduana, moda, teñido liso, informal, de punto, para hombre",1.98,3.05,2.51,N/A,"Fuzhou Hanyu Apparel Co., Ltd.",234 vendidos,5.0/5.0 (45),https://www.alibaba.com/product-detail/HY-100-Cotton-Polo-Shirts-Custom_1601242655249.html
3,Venta al por mayor de los hombres de color de algodón bordado Logo Polos de alta calidad llano Golf Polo camisetas personalizadas Polo Camisetas,5.8,5.8,5.8,N/A,"Fuzhou Hahajing E-Commerce Co., Ltd.",3 vendidos,4.7/5.0 (114),https://www.alibaba.com/product-detail/Wholesale-Men-s-Color-Cotton-Embroidery_1601085268284.html
3,"Polo de algodón pesado de 230GSM para parejas, logotipo personalizado con serigrafía, camiseta Polo de verano 2022",6.0,6.0,6.0,N/A,"Yiwu Qishirt Garment Co., Ltd.",105 vendidos,4.9/5.0 (160),https://www.alibaba.com/product-detail/230gsm-Heavy-Cotton-American-Style-Couple_1600667919509.html
3,Polo de golf para hombre con logotipo bordado personalizado informal liso algodón seda al por mayor Camiseta Polo para hombre,2.7,3.8,3.25,N/A,"Hangzhou Xiangyu Import And Export Co., Ltd.",No info,4.6/5.0 (35),https://www.alibaba.com/product-detail/Wholesale-Silk-Cotton-Plain-Casual-Custom_1600998633969.html
3,Polos de alta calidad para hombres Unisex 100% algodón diseño personalizado Polo camiseta antiarrugas Anti-retráctil Rosa Polo camiseta,3.9,4.9,4.4,N/A,"Yiwu Titi Clothing Co., Ltd.",No info,4.8/5.0 (87),https://www.alibaba.com/product-detail/High-Quality-Polo-Shirts-for-Men_1601006549175.html
3,"Polo de verano de 200g para hombre, camiseta Polo de marca de algodón de moda de negocios informal de manga corta con logotipo bordado para hombre",3.0,4.0,3.5,N/A,"Cangnan County Qimeng Clothing Co., Ltd.",10 vendidos,5.0/5.0 (1),https://www.alibaba.com/product-detail/Summer-Men-s-200g-Polo-Shirt_1601364444580.html
4,"Polos con logotipo bordado 100% algodón, camisetas de Golf, Polo personalizado, venta al por mayor",2.6,3.8,3.2,N/A,"Guangzhou Shangju Apparel Co., Ltd.",158 vendidos,4.0/5.0 (78),https://www.alibaba.com/product-detail/Wholesale-100-Cotton-Embroidery-Logo-Polo_62401843319.html
4,Venta al por mayor bordado Diseño Logo 65% algodón Polo camiseta hombres personalizado impreso liso ropa de trabajo Golf Polo camisa para Unisex,0.48,1.99,1.23,N/A,"Guangzhou Mingweng Clothing Co., Ltd.",1 vendido,4.9/5.0 (46),https://www.alibaba.com/product-detail/Wholesale-Embroidery-Design-Logo-65-Cotton_1601230131674.html
4,Polo informal de negocios para hombre de tela de algodón/poliéster de alta calidad PLM190 para hombre,9.98,9.98,9.98,N/A,"Jiangxi Wellna Clothing Co., Ltd.",97 vendidos,4.4/5.0 (365),https://www.alibaba.com/product-detail/PLM190-High-Quality-Cotton-Polyester-Fabric_1601293211537.html?selectedCarrierCode=SEMI_MANAGED_STANDARD@@STANDARD
4,Venta al por mayor personalizado Lino Mezcla de algodón suave verano primavera hombre Polo de punto de manga corta sólido de alta calidad de punto OEM/ODM de moda,8.88,17.85,13.37,N/A,"Dongguan Papa Garment Manufacture Co., Ltd.",1 vendido,4.9/5.0 (68),https://www.alibaba.com/product-detail/Wholesale-Custom-Linen-Cotton-Blend-Soft_1601177574468.html
4,"Polo de manga corta con diseño de conejo fantasma, Polo de estilo clásico, 100%",11.98,11.98,11.98,N/A,MASHADI SPORTS,No info,No rating,https://www.alibaba.com/product-detail/Men-Polo-T-Shirt-Classic-Fit_10000012839256.html
4,YUDI Dry Fit 100% poliéster camiseta personalizada Golf Polo camisa sublimación en blanco Polo camiseta algodón hombres Polo camisas para hombres,3.8,3.8,3.8,N/A,"Guangzhou Yudi Clothing Co., Ltd.",442 vendidos,4.4/5.0 (94),https://www.alibaba.com/product-detail/YUDI-Dry-Fit-100-Polyester-T_1601040178175.html
4,"2022 nuevo estilo de moda, camisetas Polo para hombre hechas a medida, camiseta Polo 100% de algodón para hombre",3.19,3.19,3.19,N/A,"Guangzhou Weiyusi Clothing Co., Ltd.",452 vendidos,4.7/5.0 (143),https://www.alibaba.com/product-detail/2022-New-Fashion-Style-Custom-Made_1600433779461.html
4,Polos de hombre OEM al por mayor 100 algodón personalizado de alta calidad logotipo bordado tejido de punto oscuro estampado patrón de cuello,5.76,5.76,5.76,N/A,"Xiamen Starsky Industry Co., Ltd.",No info,4.4/5.0 (34),https://www.alibaba.com/product-detail/Whosale-OEM-Men-s-Polo-Shirts_1601393592147.html?selectedCarrierCode=SEMI_MANAGED_STANDARD@@STANDARD
4,Venta al por mayor de camisetas polo de color sólido para los hombres de manga corta de algodón Polo de Golf Camisetas,4.59,4.59,4.59,N/A,"Yiwu Feican Trading Co., Ltd",11 vendidos,4.7/5.0 (45),https://www.alibaba.com/product-detail/Wholesale-Solid-Color-Polo-Shirts-for_1601149825990.html?selectedCarrierCode=SEMI_MANAGED_STANDARD@@STANDARD
4,"Ropa de calle básica de marca de alta calidad, camiseta Polo de Golf, camiseta Polo de algodón 100% para hombre, camisetas Polo de secado rápido para hombre",2.9,4.0,3.45,N/A,"Guangdong Chengxin Garments Co., Ltd.",829 vendidos,4.6/5.0 (57),https://www.alibaba.com/product-detail/Branded-Basic-Heavy-Quality-Streetwear-Golf_1600623003815.html
4,"Polo de 210g de alta calidad 100% algodón para hombre, 32 piezas, estilo básico, secado rápido y cuello en blanco transpirable, venta al por mayor",4.66,4.66,4.66,N/A,"Zhejiang Balute Clothing Co., Ltd.",175 vendidos,4.5/5.0 (20),https://www.alibaba.com/product-detail/210g-High-Quality-100-Cotton-Men_1601265771812.html?selectedCarrierCode=SEMI_MANAGED_STANDARD@@STANDARD
4,Alta calidad 100% algodón 12 colores impresión personalizada bordado OEM logo liso en blanco hombres Polo camiseta,2.5,2.5,2.5,N/A,"Nanle County Dalin Will Trading Co., Ltd.",4 vendidos,2.9/5.0 (10),https://www.alibaba.com/product-detail/High-Quality-100-Cotton-12-Colors_1601101210393.html?selectedCarrierCode=SEMI_MANAGED_STANDARD@@STANDARD
4,"Polo de manga corta de secado rápido unisex, Polo informal de estilo de golf de ocio de talla grande para hombre, polos de punto de algodón y poliéster en XL",4.5,7.0,5.75,N/A,TT GARMENT TRADING COMPANY LIMITED,No info,5.0/5.0 (7),https://www.alibaba.com/product-detail/Unisex-Quick-Dry-Short-Sleeved-Polo_11000012711276.html
4,Turn-Down Collar Color sólido Algodón Manga corta Hombres Casual Polo Camiseta Sehe Moda,5.6,5.6,5.6,N/A,"Guangzhou Sehe Apparel Co., Ltd.",1 vendido,4.3/5.0 (251),https://www.alibaba.com/product-detail/Turn-down-Collar-Solid-Color-Cotton_1601220063384.html
4,Polos para hombre 100% algodón de alta calidad coloridos de manga corta de algodón polos sólidos camiseta,7.3,7.3,7.3,N/A,"Guangzhou Caluz Trading Co., Ltd.",38 vendidos,4.1/5.0 (364),https://www.alibaba.com/product-detail/Men-s-Polo-Shirts-100-Cotton_1601116848478.html
4,100% ott. olo.,8.77,11.35,10.06,N/A,"Guangzhou Jinfeng Clothing Co., Ltd.",4 vendidos,4.7/5.0 (132),https://www.alibaba.com/product-detail/100-Cotton-Polo-Shirts-Mens-Clothing_1600843232619.html
4,Polos para hombre al por mayor 100% algodón cómodo suave estilo Manga corta alta calidad elegante se puede personalizar con logotipo,4.13,4.92,4.53,N/A,"Yiwu Qishirt Garment Co., Ltd.",5 vendidos,4.9/5.0 (160),https://www.alibaba.com/product-detail/Wholesale-Men-s-Polo-Shirts-100_1601368317610.html
4,"Polo de algodón personalizado para hombre, camisa de dos tonos, Jersey naranja, uniformes de negocios",2.19,3.99,3.09,N/A,"Nanchang Triple Crown Imp & Exp Co., Ltd.",No info,4.6/5.0 (131),https://www.alibaba.com/product-detail/Custom-Men-s-Cotton-Polo-Two_1600700025937.html
4,"Polo de manga corta con solapa de algodón de 220g para hombre, Polo holgado de supermercado a la moda de Color sólido para hombre",2.88,3.33,3.1,N/A,"Guangzhou Jinshi Clothing Co., Ltd.",No info,No rating,https://www.alibaba.com/product-detail/New-220g-Cotton-Lapel-Short-sleeved_1601416713034.html
4,"Polos de verano para hombre, novedad de 250G, hilo doble pesado, algodón peinado, Color sólido, solapa de hombro caído con mangas cortas, combina con todo",6.8,7.8,7.3,N/A,"Xiamen Xitoushang Cultural And Creative Co., Ltd.",200 vendidos,4.9/5.0 (6),https://www.alibaba.com/product-detail/Men-s-Summer-Polo-Shirts-New_1601359061739.html
4,"Polo de algodón unisex de alta gama, venta al por mayor, uniforme de trabajo de verano, Top con logotipo bordado, talla XL, estilo de manga corta para golf",5.5,5.52,5.51,N/A,"Dongguan Wow Garment Co., Ltd.",No info,No rating,https://www.alibaba.com/product-detail/Unisex-Cotton-Polo-Shirt-High-End_1601360152097.html
4,Impresión personalizada bordado algodón Golf Polo hombres deportes camisas Logo Casual Polo camiseta,7.0,7.0,7.0,N/A,"Shenzhen Aoyema Apparel Co., Ltd.",23 vendidos,4.5/5.0 (45),https://www.alibaba.com/product-detail/Custom-Printing-Embroidered-Cotton-Golf-Polo_1600619320617.html
4,Polo de verano para hombre de talla Europea 210 GSM hilo de alta elasticidad imitación algodón antiarrugas logotipo personalizado de talla grande con cuello secundario,2.57,5.07,3.82,N/A,"Guangzhou Shangju Apparel Co., Ltd.",3 vendidos,4.8/5.0 (99),https://www.alibaba.com/product-detail/EU-Size-Men-s-Summer-Polo_1601394848085.html
4,Venta al por mayor Ralph 100% algodón Polo camisa de los hombres de alta calidad personalizado tamaño Logo Multi colores sólidos opciones bajo MOQ Bangladesh,1.5,2.2,1.85,N/A,LENNOX FASHION BD,No info,No rating,https://www.alibaba.com/product-detail/Wholesale-Ralph-100-Cotton-Men-s_10000024488813.html
4,"Polo de hombre con bordado personalizado, Polo de golf liso con estampado personalizado para hombre, camiseta Polo de algodón 100% para hombre",3.85,3.85,3.85,N/A,"Yiwu Youmi Clothing Co., Ltd.",3 vistas,4.7/5.0 (91),https://www.alibaba.com/product-detail/Custom-Embroidery-Men-s-Polo-Shirts_1600944221462.html
4,"Polo de algodón informal para hombre personalizado, estilo sólido lavado con Jersey bordado para golf o uso diario",16.5,16.5,16.5,N/A,"Ningbo Innovate Imp. And Exp. Co., Ltd.",19 vistas,3.6/5.0 (13),https://www.alibaba.com/product-detail/Custom-Men-s-Casual-Cotton-Polo_1601025276706.html
4,READY CLOTH Premium Cotton Cómodo y elegante Polo para hombre para diversión al aire libre Casual Fridays Senderismo Adventures,5.0,6.5,5.75,N/A,"Shenzhen Ready Clothing Co., Ltd",50 vendidos,No rating,https://www.alibaba.com/product-detail/READY-CLOTH-Premium-Cotton-Comfortable-Stylish_1601387767511.html
4,Venta al por mayor 65% algodón 35% poliéster bordado logo liso en blanco hombres Polo unisex estilo formal CVC hombres polo,4.4,4.4,4.4,N/A,"Suzhou Zoetic Outdoor Technology Co., Ltd.",2 vendidos,4.2/5.0 (321),https://www.alibaba.com/product-detail/Wholesale-65-Cotton-35-Polyester-Embroidery_1601153730605.html?selectedCarrierCode=SEMI_MANAGED_STANDARD@@STANDARD
4,"Polo de algodón transpirable para hombre OEM, Jersey bordado de manga corta, botón de secado rápido y decoración de patrones, tela de punto holgada",1.5,2.55,2.02,N/A,"Ningbo Kaigong Clothing Industry Co., Ltd.",No info,5.0/5.0 (3),https://www.alibaba.com/product-detail/OEM-Men-s-Breathable-Cotton-Polo_1601433795837.html
4,Venta al por mayor bordado personalizar polos 100 algodón camiseta Golf Polo liso en blanco hombres polos,4.33,7.45,5.89,N/A,"Yiwu Kate Imp & Exp Co., Ltd.",No info,4.6/5.0 (36),https://www.alibaba.com/product-detail/Wholesale-Embroidery-Customize-Polo-Shirts-100_1601380826817.html
4,"100% algodón, polos baratos para hombres y mujeres, ropa de trabajo de empresa, personal, logotipo impreso/bordado",7.4,7.4,7.4,N/A,"Yiwu Miqiao Clothing Co., Ltd.",1 vista,4.8/5.0 (114),https://www.alibaba.com/product-detail/100-Cotton-Cheap-Men-s-and_1600450805590.html
4,Polo Camiseta Color sólido Golf Polo Camiseta Polo Venta al por mayor Logotipo personalizado Poliéster Algodón para hombres Manga corta Casual Upf50 +,4.64,4.64,4.64,N/A,"Hunan Pro-Win Import & Export Co., Ltd.",350 vendidos,4.3/5.0 (10),https://www.alibaba.com/product-detail/Polo-Tshirt-Solid-Color-Golf-Polo_1600490131863.html
4,"Camiseta Polo de cuello de algodón liso para hombre, venta al por mayor, camisa Polo de trabajo de alta calidad, ropa de verano Unisex para hombre, Chemises Hommes Polo",3.15,3.15,3.15,N/A,"Yiwu Yi Kui Clothing Co., Ltd.",30 vendidos,4.1/5.0 (39),https://www.alibaba.com/product-detail/Plain-Cotton-Collar-Polo-T-shirt_1601166273383.html?selectedCarrierCode=SEMI_MANAGED_STANDARD@@STANDARD
4,"Polo de hombre de algodón de talla grande 100% de alta calidad, Polo de piqué personalizado con logotipo bordado",4.39,5.89,5.14,N/A,"Yiwu Yingxin Garment Co., Ltd",15 vendidos,4.7/5.0 (84),https://www.alibaba.com/product-detail/High-Quality-Plus-Size-100-Cotton_1601351180064.html?selectedCarrierCode=SEMI_MANAGED_STANDARD@@STANDARD
4,Venta al por mayor de algodón de los hombres de EE. UU. Polo camiseta de peso pesado hombro caído con logotipo personalizado bordado patrón sólido de secado rápido,5.69,5.69,5.69,N/A,"Guangzhou Guanjun Clothing Technology Co., Ltd.",No info,5.0/5.0 (4),https://www.alibaba.com/product-detail/Wholesale-Cotton-Men-s-US-Polo_1601117321749.html?selectedCarrierCode=SEMI_MANAGED_PREMIUM@@PREMIUM
4,"¡Novedad de 2024! Polo para hombre, alta calidad, 230G, algodón, poliéster, tecnología de secado rápido, manga corta, ropa informal de Golf, talla XL",8.98,8.98,8.98,N/A,"Zhejiang Serand Mido Import & Export Co., Ltd.",2 vendidos,4.6/5.0 (131),https://www.alibaba.com/product-detail/2024-New-Arrival-Men-s-Polo_1601053240957.html
4,Polos de algodón/mezcla de fibra de bambú para hombre Polo de golf Tops Polos,28.0,28.0,28.0,N/A,"Guangzhou Meryhome Textile Co,ltd",10 vendidos,4.9/5.0 (22),https://www.alibaba.com/product-detail/Polo-Shirts-Cotton-Bamboo-Fiber-Blend_1601376458102.html
4,"Polos de algodón para hombre de calidad a precio bajo, ropa con logotipo personalizado, polos de manga corta transpirables personalizados de talla grande para hombre",9.99,9.99,9.99,N/A,MANGOES FASHION,No info,5.0/5.0 (15),https://www.alibaba.com/product-detail/Low-Price-Quality-Men-s-Cotton_10000017061852.html
4,240G 100% algodón hombres marca personalizada Logo Oem Polo manga corta,8.97,8.97,8.97,N/A,"Zhongshan Bessbowei Clothing Trading Co., Ltd.",2 vendidos,4.6/5.0 (5),https://www.alibaba.com/product-detail/240G-100-Cotton-Men-S-Custom_1601174302133.html?selectedCarrierCode=SEMI_MANAGED_ECONOMIC@@ECONOMY
4,Polo personalizado de nuevo diseño de manga corta de tela de algodón Polo para hombre con cuello en V,20.0,20.0,20.0,N/A,"Dongguan Mingwei Garments Co., Ltd.",No info,4.8/5.0 (155),https://www.alibaba.com/product-detail/New-Design-Custom-Polo-Short-Sleeve_1601279870181.html
4,"Polo de hombre de algodón 100% de alta calidad al por mayor, camiseta Polo de talla grande con logotipo estampado personalizado en 23 colores",2.98,3.9,3.44,N/A,"Fuzhou Jifengjie Trade Co., Ltd.",No info,4.8/5.0 (313),https://www.alibaba.com/product-detail/Wholesale-High-Quality-100-Cotton-Men_1600074790399.html
4,"Polo de hombre de algodón 100% al por mayor, camiseta unisex de negocios con logotipo personalizado bordado, Polo de golf deportivo para hombre",6.89,6.89,6.89,N/A,"Yiwu Susheng E-Commerce Co., Ltd.",No info,4.4/5.0 (11),https://www.alibaba.com/product-detail/Wholesale-100-Cotton-Men-s-Polo_1601397483204.html?selectedCarrierCode=SEMI_MANAGED_STANDARD@@STANDARD
4,Venta al por mayor 100% algodón Impresión logotipo personalizado camiseta lisa en blanco Golf Polo camiseta Unisex alta calidad transpirable Polo camiseta,3.85,3.85,3.85,N/A,"Zhongshan Bladis Trading Co., Ltd.",12 vistas,4.1/5.0 (29),https://www.alibaba.com/product-detail/Wholesale-100-Cotton-Printing-Logo-Custom_1601170547652.html?selectedCarrierCode=SEMI_MANAGED_STANDARD@@STANDARD
4,Polo de hombre de corte holgado acanalado de punto con solapa camisa Polo de algodón liso elástico suave para hombre,4.05,5.69,4.87,N/A,"Guangzhou Anweida Clothing Co., Ltd.",No info,5.0/5.0 (5),https://www.alibaba.com/product-detail/Polo-Men-s-Loose-Fit-Ribbed_1601255829308.html
4,Polo de hombre de alta calidad con logotipo personalizado de algodón informal de manga corta de tejido de punto directo de fábrica al por mayor,3.98,7.98,5.98,N/A,"Nanchang Qingzhuo Garment Co., Ltd.",No info,No rating,https://www.alibaba.com/product-detail/High-Quality-Men-s-Polo-Shirt_1601385263749.html
4,"Novedad de verano, camiseta Polo bordada de algodón para hombre, camiseta Polo de manga corta holgada de moda de negocios fina para hombre",7.65,7.65,7.65,N/A,"Fujian Surprise Network Technology Co., Ltd.",No info,3.8/5.0 (418),https://www.alibaba.com/product-detail/Summer-New-Cotton-Embroidered-Polo-Shirt_1601051299908.html?selectedCarrierCode=SEMI_MANAGED_STANDARD@@STANDARD
4,"Polo de alta calidad, Polo bordado a la moda para hombre, camiseta de manga corta de algodón de verano para hombre, venta al por mayor",3.71,3.71,3.71,N/A,"Yiwu Guanxi Trading Co., Ltd.",No info,No rating,https://www.alibaba.com/product-detail/High-Quality-Polo-Shirt-Fashion-Men_1601401236272.html?selectedCarrierCode=SEMI_MANAGED_PREMIUM@@PREMIUM
4,"Polo de algodón 100% para hombre, venta al por mayor, polos con Logo personalizado de retazos piqué de 210 gramos",8.5,8.5,8.5,N/A,"Guangzhou Kui Bai Clothing Co., Ltd.",5 vendidos,5.0/5.0 (7),https://www.alibaba.com/product-detail/Wholesale-100-Cotton-Polo-Shirt-210_62573013652.html
